44464,睾丸炎,7c6885a0-90a2-11e8-bbc9-44a8420c5800,N45.906,睾丸炎
40288,龟头炎,7c69f430-90a2-11e8-bbc9-44a8420c5800,N48.102,龟头炎
2a8e606a-31e2-11e6-804e-848f69fd6b70,乳腺炎,7c7dbf2f-90a2-11e8-bbc9-44a8420c5800,N61.x04,乳腺炎
2b5c73ac-31e2-11e6-804e-848f69fd6b70,乳房结节,7c7ee7e7-90a2-11e8-bbc9-44a8420c5800,N63.x01,乳房结节
39586,膀胱外翻,7cc62508-90a2-11e8-bbc9-44a8420c5800,Q64.100,膀胱外翻
38966,先天性髋关节脱位,7cc909ba-90a2-11e8-bbc9-44a8420c5800,Q65.200,先天性髋关节脱位
37065,腹腔妊娠,7cdd4373-90a2-11e8-bbc9-44a8420c5800,O00.000,腹腔妊娠
37279,新生儿惊厥,7cf31b32-90a2-11e8-bbc9-44a8420c5800,P90.x00,新生儿惊厥
2bfc7854-31e2-11e6-804e-848f69fd6b70,乳头溢液,7d061abe-90a2-11e8-bbc9-44a8420c5800,N64.504,乳头溢液
118786A186ADFC4AE0500A0AC86471F9,输卵管积水,7d07d9fa-90a2-11e8-bbc9-44a8420c5800,N70.103,输卵管积水
44267,子宫内膜炎,7d0a0db3-90a2-11e8-bbc9-44a8420c5800,N71.902,子宫内膜炎
44478,痛经,7d0f5358-90a2-11e8-bbc9-44a8420c5800,N94.600,痛经
41023,乳腺腺病,7d131eae-90a2-11e8-bbc9-44a8420c5800,N60.201,乳腺腺病
41541,急性肾小球肾炎,7d13fa67-90a2-11e8-bbc9-44a8420c5800,N00.902,急性肾小球肾炎
39724,输尿管损伤,7d1968f2-90a2-11e8-bbc9-44a8420c5800,S37.100,输尿管损伤
39635,急性肾盂肾炎,7d1bebb6-90a2-11e8-bbc9-44a8420c5800,N10.x02,急性肾盂肾炎
39583,膀胱输尿管反流,7d2047bd-90a2-11e8-bbc9-44a8420c5800,N13.701,膀胱输尿管反流
2ff504bf-31e2-11e6-804e-848f69fd6b70,子宫粘连,7d49fc58-90a2-11e8-bbc9-44a8420c5800,N73.604,子宫粘连
2ff504bf-31e2-11e6-804e-848f69fd6b70,子宫粘连,7d49fc58-90a2-11e8-bbc9-44a8420c5800,N73.604,子宫粘连
04d4a4e9-f8c5-4516-87b3-61a6b409ea7e,慢性前列腺炎,7d59e41c-90a2-11e8-bbc9-44a8420c5800,N41.100,慢性前列腺炎
41543,膜性肾病,7d5d72c3-90a2-11e8-bbc9-44a8420c5800,N02.202,膜性肾病
41549,IgA肾病,7d5fb0b5-90a2-11e8-bbc9-44a8420c5800,N02.801,IgA肾病
3106e415-31e2-11e6-804e-848f69fd6b70,急性阴道炎,7d6b7d89-90a2-11e8-bbc9-44a8420c5800,N76.000,急性阴道炎
38737,锁骨骨折,7d7d234e-90a2-11e8-bbc9-44a8420c5800,S42.000,锁骨骨折
42171,肋骨骨折,7d8197a1-90a2-11e8-bbc9-44a8420c5800,S22.300,肋骨骨折
37d5336c-31e2-11e6-804e-848f69fd6b70,卵巢扭转,7da28132-90a2-11e8-bbc9-44a8420c5800,N83.502,卵巢扭转
ae0dfcf0-ae22-11e5-9ee2-848f69fd6b70,卵巢破裂,7da3c854-90a2-11e8-bbc9-44a8420c5800,N83.805,卵巢破裂
44411,胸膜炎,7db3c284-90a2-11e8-bbc9-44a8420c5800,R09.100,胸膜炎
39485,急腹症,7db47376-90a2-11e8-bbc9-44a8420c5800,R10.000,急腹症
41655,多囊肾,7db919d7-90a2-11e8-bbc9-44a8420c5800,Q61.300,多囊肾
37062,输卵管妊娠,7dced5ad-90a2-11e8-bbc9-44a8420c5800,O00.100,输卵管妊娠
40941,甲状舌管囊肿,7ddac602-90a2-11e8-bbc9-44a8420c5800,Q89.202,甲状舌管囊肿
40844,直肠阴道瘘,7dff1abb-90a2-11e8-bbc9-44a8420c5800,N82.303,直肠阴道瘘
39646,腺性膀胱炎,7dff562a-90a2-11e8-bbc9-44a8420c5800,N30.809,腺性膀胱炎
178ce4ed-31e1-11e6-804e-848f69fd6b70,内痔,7e279acd-90a2-11e8-bbc9-44a8420c5800,I84.200,内痔
39681,肾错构瘤,7e32063f-90a2-11e8-bbc9-44a8420c5800,Q85.903,肾错构瘤
85fb4fdf-31e3-11e6-804e-848f69fd6b70,有机磷中毒,7e484d3c-90a2-11e8-bbc9-44a8420c5800,T60.001,有机磷中毒
38789,股骨颈骨折,7e4c2907-90a2-11e8-bbc9-44a8420c5800,S72.000,股骨颈骨折
38985,脊柱裂,7e669ac7-90a2-11e8-bbc9-44a8420c5800,Q05.900,脊柱裂
38803,髌骨骨折,7e7b42ad-90a2-11e8-bbc9-44a8420c5800,S82.000,髌骨骨折
44251,异位妊娠,7e900f46-90a2-11e8-bbc9-44a8420c5800,O00.900,异位妊娠
37060,自然流产,7e941e5d-90a2-11e8-bbc9-44a8420c5800,O03.900,自然流产
14102bac-31e2-11e6-804e-848f69fd6b70,尿毒症性脑病,7e992438-90a2-11e8-bbc9-44a8420c5800,N18.806+,尿毒症性脑病
18bf1f51-31e4-11e6-804e-848f69fd6b70,气管内异物,7edfcbbd-90a2-11e8-bbc9-44a8420c5800,T17.400,气管内异物
43524,鼻中隔脓肿,7ee813c4-90a2-11e8-bbc9-44a8420c5800,J34.007,鼻中隔脓肿
44191,鼻窦囊肿,7ee888b5-90a2-11e8-bbc9-44a8420c5800,J34.106,鼻窦囊肿
43517,鼻前庭炎,7ee8c75a-90a2-11e8-bbc9-44a8420c5800,J34.806,鼻前庭炎
43546,急性扁桃体炎,7eef8a39-90a2-11e8-bbc9-44a8420c5800,J03.900,急性扁桃体炎
942f3cb4-31e3-11e6-804e-848f69fd6b70,输血反应,7f17c6a6-90a2-11e8-bbc9-44a8420c5800,T80.903,输血反应
44290,脊柱骨折,7f1de7fe-90a2-11e8-bbc9-44a8420c5800,T08.x00,脊柱骨折
39788,肾结石,7f32ee21-90a2-11e8-bbc9-44a8420c5800,N20.000,肾结石
39704,尿道结石,7f3446be-90a2-11e8-bbc9-44a8420c5800,N21.100,尿道结石
38248,子宫内膜息肉,7f37d492-90a2-11e8-bbc9-44a8420c5800,N84.001,子宫内膜息肉
41565,肾小管酸中毒,7f551778-90a2-11e8-bbc9-44a8420c5800,N25.802,肾小管酸中毒
1a599dcd-31e2-11e6-804e-848f69fd6b70,肾肿物,7f5959e4-90a2-11e8-bbc9-44a8420c5800,N28.815,肾肿物
38432,创伤性脾破裂,7f620335-90a2-11e8-bbc9-44a8420c5800,S36.002,创伤性脾破裂
2ab2b202-31e3-11e6-804e-848f69fd6b70,肝损伤,7f627196-90a2-11e8-bbc9-44a8420c5800,S36.100,肝损伤
25f6200f-31e3-11e6-804e-848f69fd6b70,腰椎骨折,7f66f14d-90a2-11e8-bbc9-44a8420c5800,S32.000,腰椎骨折
2103d541-31e3-11e6-804e-848f69fd6b70,肺挫伤,7f8f5958-90a2-11e8-bbc9-44a8420c5800,S27.301,肺挫伤
41397,脑震荡,7f91ebfe-90a2-11e8-bbc9-44a8420c5800,S06.000,脑震荡
4965e001-31e1-11e6-804e-848f69fd6b70,肺肿物,7f92204b-90a2-11e8-bbc9-44a8420c5800,R91.x02,肺肿物
d1f19a45-31e1-11e6-804e-848f69fd6b70,皮肤肿物,7f92d21e-90a2-11e8-bbc9-44a8420c5800,R22.903,皮肤肿物
44357,妊娠合并心脏病,7f9705b0-90a2-11e8-bbc9-44a8420c5800,O99.420,妊娠合并心脏病
40167,多汗症,7fad4ce6-90a2-11e8-bbc9-44a8420c5800,R61.900,多汗症
8927390a-31e2-11e6-804e-848f69fd6b70,新生儿ABO溶血性贫血,7fe155f2-90a2-11e8-bbc9-44a8420c5800,P55.102,新生儿ABO溶血性贫血
af4a5a1f-ae22-11e5-9ee2-848f69fd6b70,新生儿高胆红素血症,7fe5736f-90a2-11e8-bbc9-44a8420c5800,P59.901,新生儿高胆红素血症
37249,新生儿失血性贫血,7fe621a8-90a2-11e8-bbc9-44a8420c5800,P61.300,新生儿失血性贫血
39643,急性膀胱炎,7fead362-90a2-11e8-bbc9-44a8420c5800,N30.000,急性膀胱炎
0373c1ac-31e3-11e6-804e-848f69fd6b70,肾功能异常,7feef798-90a2-11e8-bbc9-44a8420c5800,R94.400,肾功能异常
41990,窦性心动过速,801ca9b5-90a2-11e8-bbc9-44a8420c5800,R00.001,窦性心动过速
b3f126b3-da9c-11e5-a258-f98ed89254eb,上消化道出血,802859a4-90a2-11e8-bbc9-44a8420c5800,K92.208,上消化道出血
9e19227c-31e1-11e6-804e-848f69fd6b70,急性化脓性梗阻性胆管炎,8029d30f-90a2-11e8-bbc9-44a8420c5800,K83.003,急性化脓性梗阻性胆管炎
39657,急性附睾炎,802a6c7e-90a2-11e8-bbc9-44a8420c5800,N45.907,急性附睾炎
44486,肌筋膜炎,802ccdb4-90a2-11e8-bbc9-44a8420c5800,M60.902,肌筋膜炎
6fbc3863-31e0-11e6-804e-848f69fd6b70,运动神经元病,8039ed0a-90a2-11e8-bbc9-44a8420c5800,G12.200,运动神经元病
39719,尿道综合征,80501c0d-90a2-11e8-bbc9-44a8420c5800,N34.300,尿道综合征
018e5db7-31e3-11e6-804e-848f69fd6b70,颅内占位性病变,80722000-90a2-11e8-bbc9-44a8420c5800,R90.000,颅内占位性病变
b63cec1a-31e0-11e6-804e-848f69fd6b70,视网膜色素变性,80ba61c8-90a2-11e8-bbc9-44a8420c5800,H35.501,视网膜色素变性
38904,痛风性关节炎,80c38ebe-90a2-11e8-bbc9-44a8420c5800,M10.002,痛风性关节炎
14eb82f6-31e2-11e6-804e-848f69fd6b70,尿毒症,80d5f392-90a2-11e8-bbc9-44a8420c5800,N19.x01,尿毒症
8d8fb3f2-31e3-11e6-804e-848f69fd6b70,高原性脑水肿,80e3e724-90a2-11e8-bbc9-44a8420c5800,T70.203,高原性脑水肿
40248,原发性肾上腺皮质功能减退症,8124b2b6-90a2-11e8-bbc9-44a8420c5800,E27.100,原发性肾上腺皮质功能减退症
16673cb5-31e0-11e6-804e-848f69fd6b70,慢性甲状腺炎,8125b833-90a2-11e8-bbc9-44a8420c5800,E06.502,慢性甲状腺炎
18a7faf1-fbb8-11e5-a258-f98ed89254eb,三叉神经痛,81317a73-90a2-11e8-bbc9-44a8420c5800,G50.000,三叉神经痛
44414,血友病,8139d626-90a2-11e8-bbc9-44a8420c5800,D66.x02,血友病
41778,肠套叠,8151ea77-90a2-11e8-bbc9-44a8420c5800,K56.100,肠套叠
7f79811e-31e1-11e6-804e-848f69fd6b70,绞窄性肠梗阻,8152212e-90a2-11e8-bbc9-44a8420c5800,K56.201,绞窄性肠梗阻
8048ee9f-31e1-11e6-804e-848f69fd6b70,机械性肠梗阻,817281e6-90a2-11e8-bbc9-44a8420c5800,K56.604,机械性肠梗阻
8429d4a0-31e1-11e6-804e-848f69fd6b70,肠道菌群失调,8173cc2a-90a2-11e8-bbc9-44a8420c5800,K59.101,肠道菌群失调
8fa70d74-31e0-11e6-804e-848f69fd6b70,颅内压增高,81a56ac9-90a2-11e8-bbc9-44a8420c5800,G93.200,颅内压增高
37891,中毒性脑病,81b4085a-90a2-11e8-bbc9-44a8420c5800,G92.x00,中毒性脑病
7368575a-31e3-11e6-804e-848f69fd6b70,可卡因中毒,81c8b44e-90a2-11e8-bbc9-44a8420c5800,T40.500,可卡因中毒
bc277bae-31e3-11e6-804e-848f69fd6b70,单胎活产,81d880ba-90a2-11e8-bbc9-44a8420c5800,Z37.000,单胎活产
44422,抑郁症,81e6cc95-90a2-11e8-bbc9-44a8420c5800,F32.900,抑郁症
39644,慢性膀胱炎,8218e7cc-90a2-11e8-bbc9-44a8420c5800,N30.201,慢性膀胱炎
39695,精索恶性肿瘤,8231bdb4-90a2-11e8-bbc9-44a8420c5800,C63.100,精索恶性肿瘤
41336,多发脑梗死性痴呆,8285a971-90a2-11e8-bbc9-44a8420c5800,F01.100,多发脑梗死性痴呆
1fddf478-9db1-471b-847d-0c45fcbb2b35,营养不良,82b15820-90a2-11e8-bbc9-44a8420c5800,E46.x00,营养不良
37197,脚气病,82b331ea-90a2-11e8-bbc9-44a8420c5800,E51.100,脚气病
41838,胆道蛔虫病,82b878fe-90a2-11e8-bbc9-44a8420c5800,B77.803,胆道蛔虫病
7f1f2347-31e0-11e6-804e-848f69fd6b70,面肌痉挛,82c0263b-90a2-11e8-bbc9-44a8420c5800,G51.301,面肌痉挛
41393,舌咽神经痛,82c168eb-90a2-11e8-bbc9-44a8420c5800,G52.101,舌咽神经痛
8cd46e27-31e0-11e6-804e-848f69fd6b70,桡神经麻痹,82c7063c-90a2-11e8-bbc9-44a8420c5800,G56.301,桡神经麻痹
44390,先兆流产,82cd10f3-90a2-11e8-bbc9-44a8420c5800,O20.000,先兆流产
40603,头癣,82f71b72-90a2-11e8-bbc9-44a8420c5800,B35.001,头癣
39333,广泛性焦虑障碍,8322b42c-90a2-11e8-bbc9-44a8420c5800,F41.100,广泛性焦虑障碍
53f62deb-31e0-11e6-804e-848f69fd6b70,焦虑状态,8322e71e-90a2-11e8-bbc9-44a8420c5800,F41.101,焦虑状态
42422,原发性血小板增多症,83441afb-90a2-11e8-bbc9-44a8420c5800,D75.200,原发性血小板增多症
00f2a6d9-31e0-11e6-804e-848f69fd6b70,腹型过敏性紫癜,834d6ab2-90a2-11e8-bbc9-44a8420c5800,D69.009,腹型过敏性紫癜
44208,单纯性紫癜,834e45b0-90a2-11e8-bbc9-44a8420c5800,D69.201,单纯性紫癜
40140,血小板减少性紫癜,834f9852-90a2-11e8-bbc9-44a8420c5800,D69.406,血小板减少性紫癜
b87b6547-ae22-11e5-9ee2-848f69fd6b70,继发性血小板减少性紫癜,83500bf5-90a2-11e8-bbc9-44a8420c5800,D69.501,继发性血小板减少性紫癜
44234,肝炎,836c5466-90a2-11e8-bbc9-44a8420c5800,K75.901,肝炎
37171,脂肪肝,836c9794-90a2-11e8-bbc9-44a8420c5800,K76.000,脂肪肝
c4627607-31e1-11e6-804e-848f69fd6b70,脂溢性脱发,8371fee8-90a2-11e8-bbc9-44a8420c5800,L65.903,脂溢性脱发
39842,寻常疣,8385e520-90a2-11e8-bbc9-44a8420c5800,B07.x03,寻常疣
472f664f-31df-11e6-804e-848f69fd6b70,疣,838617ba-90a2-11e8-bbc9-44a8420c5800,B07.x04,疣
3db7f086-31df-11e6-804e-848f69fd6b70,病毒性脑炎,8389a467-90a2-11e8-bbc9-44a8420c5800,A86.x00,病毒性脑炎
44424,阴囊湿疹,8394a090-90a2-11e8-bbc9-44a8420c5800,L30.904,阴囊湿疹
44219,房室传导阻滞,83a18e6a-90a2-11e8-bbc9-44a8420c5800,I44.300,房室传导阻滞
41995,窦性停搏,83a42638-90a2-11e8-bbc9-44a8420c5800,I45.502,窦性停搏
44379,外耳道炎,83a6b528-90a2-11e8-bbc9-44a8420c5800,H60.901,外耳道炎
44457,耵聍栓塞,83a7fa8e-90a2-11e8-bbc9-44a8420c5800,H61.200,耵聍栓塞
37940,生长激素缺乏症,83b62b99-90a2-11e8-bbc9-44a8420c5800,E23.009,生长激素缺乏症
42136,重症肌无力,83b9e4b6-90a2-11e8-bbc9-44a8420c5800,G70.000,重症肌无力
40972,毒性结节性甲状腺肿,83bad543-90a2-11e8-bbc9-44a8420c5800,E05.201,毒性结节性甲状腺肿
44231,肝囊肿,83cc7539-90a2-11e8-bbc9-44a8420c5800,K76.807,肝囊肿
97c934f9-31e1-11e6-804e-848f69fd6b70,肝肿物,83cdf86b-90a2-11e8-bbc9-44a8420c5800,K76.901,肝肿物
98460929-31e1-11e6-804e-848f69fd6b70,胆囊结石伴慢性胆囊炎,83ce5b20-90a2-11e8-bbc9-44a8420c5800,K80.101,胆囊结石伴慢性胆囊炎
38443,胆囊结石,83ce8dec-90a2-11e8-bbc9-44a8420c5800,K80.200,胆囊结石
44210,胆管结石,83d186e0-90a2-11e8-bbc9-44a8420c5800,K80.500,胆管结石
38444,胆总管结石,83d1be13-90a2-11e8-bbc9-44a8420c5800,K80.501,胆总管结石
99e4a8c1-31e1-11e6-804e-848f69fd6b70,肝管结石,83d22d81-90a2-11e8-bbc9-44a8420c5800,K80.507,肝管结石
39860,手足口病,83d88972-90a2-11e8-bbc9-44a8420c5800,B08.401,手足口病
39866,疱疹性咽峡炎,83d8ba1a-90a2-11e8-bbc9-44a8420c5800,B08.501,疱疹性咽峡炎
38433,脾脓肿,83e4b89e-90a2-11e8-bbc9-44a8420c5800,D73.300,脾脓肿
38434,脾囊肿,83e4edd8-90a2-11e8-bbc9-44a8420c5800,D73.400,脾囊肿
6e97ed7b-31e1-11e6-804e-848f69fd6b70,十二指肠淤积,83edc0a7-90a2-11e8-bbc9-44a8420c5800,K31.502,十二指肠淤积
38422,急性胰腺炎,8400ff70-90a2-11e8-bbc9-44a8420c5800,K85.900,急性胰腺炎
41467,颅内动脉瘤,8422d66d-90a2-11e8-bbc9-44a8420c5800,I67.110,颅内动脉瘤
05a63a4b-31e1-11e6-804e-848f69fd6b70,高血压性脑病,84256107-90a2-11e8-bbc9-44a8420c5800,I67.400,高血压性脑病
cbf5b6b6-efe6-4584-aaca-cb4fd1b5b3bd,脑血管病,84278a64-90a2-11e8-bbc9-44a8420c5800,I67.900,脑血管病
44289,中耳炎,842ac2e1-90a2-11e8-bbc9-44a8420c5800,H66.900,中耳炎
abf88830-ae22-11e5-9ee2-848f69fd6b70,急性乳突炎,842b9ef6-90a2-11e8-bbc9-44a8420c5800,H70.000,急性乳突炎
44513,慢性鼻窦炎,843298d0-90a2-11e8-bbc9-44a8420c5800,J32.900,慢性鼻窦炎
ba55567a-31df-11e6-804e-848f69fd6b70,肝原位癌,84432cc0-90a2-11e8-bbc9-44a8420c5800,D01.500,肝原位癌
87f7dc5e-31e0-11e6-804e-848f69fd6b70,肌无力危象,844653d5-90a2-11e8-bbc9-44a8420c5800,G70.007,肌无力危象
42060,肾动脉狭窄,844b4c09-90a2-11e8-bbc9-44a8420c5800,I70.101,肾动脉狭窄
a0ca1fb4-31e1-11e6-804e-848f69fd6b70,梗阻性黄疸,845129f3-90a2-11e8-bbc9-44a8420c5800,K83.109,梗阻性黄疸
84742087-31e1-11e6-804e-848f69fd6b70,肠功能紊乱,84515c1d-90a2-11e8-bbc9-44a8420c5800,K59.900,肠功能紊乱
40841,肛裂,8451946f-90a2-11e8-bbc9-44a8420c5800,K60.200,肛裂
40843,肛瘘,8451cb95-90a2-11e8-bbc9-44a8420c5800,K60.300,肛瘘
44236,肛周脓肿,84536a23-90a2-11e8-bbc9-44a8420c5800,K61.001,肛周脓肿
40854,直肠息肉,845493b2-90a2-11e8-bbc9-44a8420c5800,K62.100,直肠息肉
41787,直肠脱垂,84552f1d-90a2-11e8-bbc9-44a8420c5800,K62.300,直肠脱垂
02484e71-31e1-11e6-804e-848f69fd6b70,基底动脉血栓形成,845b62ef-90a2-11e8-bbc9-44a8420c5800,I65.103,基底动脉血栓形成
41506,脑棘球蚴病,85b7b236-90a2-11e8-bbc9-44a8420c5800,B67.902,脑棘球蚴病
41227,脑性瘫痪,85bfdc1e-90a2-11e8-bbc9-44a8420c5800,G80.900,脑性瘫痪
41495,化脓性脑膜炎,85c043c7-90a2-11e8-bbc9-44a8420c5800,G00.901,化脓性脑膜炎
44524,脑膜炎,85c1ed7e-90a2-11e8-bbc9-44a8420c5800,G03.900,脑膜炎
40859,急性阑尾炎,85cda628-90a2-11e8-bbc9-44a8420c5800,K35.900,急性阑尾炎
8407b98b-31e0-11e6-804e-848f69fd6b70,肋间神经痛,85e254ed-90a2-11e8-bbc9-44a8420c5800,G58.001,肋间神经痛
6ead42f0-31e0-11e6-804e-848f69fd6b70,小脑共济失调,85ebfe31-90a2-11e8-bbc9-44a8420c5800,G11.901,小脑共济失调
41072,股疝,85f686b4-90a2-11e8-bbc9-44a8420c5800,K41.900,股疝
38040,下肢静脉曲张,85faa4e1-90a2-11e8-bbc9-44a8420c5800,I83.900,下肢静脉曲张
37637,慢性腹泻,86070440-90a2-11e8-bbc9-44a8420c5800,K52.908,慢性腹泻
44200,肠炎,8607cfa6-90a2-11e8-bbc9-44a8420c5800,K52.915,肠炎
41165,亚急性坏死性脊髓炎,860ed44c-90a2-11e8-bbc9-44a8420c5800,G37.400,亚急性坏死性脊髓炎
43560,腺样体肥大,86311af9-90a2-11e8-bbc9-44a8420c5800,J35.200,腺样体肥大
44371,声带息肉,86340ffb-90a2-11e8-bbc9-44a8420c5800,J38.102,声带息肉
32e97328-31e1-11e6-804e-848f69fd6b70,声带结节,86344c61-90a2-11e8-bbc9-44a8420c5800,J38.200,声带结节
39399,阵发性室上性心动过速,863664d6-90a2-11e8-bbc9-44a8420c5800,I47.102,阵发性室上性心动过速
44545,室性心动过速,86379efa-90a2-11e8-bbc9-44a8420c5800,I47.200,室性心动过速
41182,急性播散性脑脊髓炎,864b09f2-90a2-11e8-bbc9-44a8420c5800,G04.001,急性播散性脑脊髓炎
44525,脑炎,864e7c26-90a2-11e8-bbc9-44a8420c5800,G04.913,脑炎
41496,脑脓肿,864fed7e-90a2-11e8-bbc9-44a8420c5800,G06.001,脑脓肿
8e663472-aa19-49af-85e3-a91e60fbfc98,颅内感染,865088aa-90a2-11e8-bbc9-44a8420c5800,G06.006,颅内感染
41187,小脑萎缩,867291a4-90a2-11e8-bbc9-44a8420c5800,G31.903,小脑萎缩
61e09f51-31e1-11e6-804e-848f69fd6b70,口腔粘膜溃疡,8688f529-90a2-11e8-bbc9-44a8420c5800,K12.109,口腔粘膜溃疡
bf6b6ce2-31e1-11e6-804e-848f69fd6b70,急性荨麻疹,8696c970-90a2-11e8-bbc9-44a8420c5800,L50.801,急性荨麻疹
bf7a1a95-31e1-11e6-804e-848f69fd6b70,慢性荨麻疹,8696fe1f-90a2-11e8-bbc9-44a8420c5800,L50.802,慢性荨麻疹
41775,肠扭转,86990c4b-90a2-11e8-bbc9-44a8420c5800,K56.200,肠扭转
b06cc49a-ae22-11e5-9ee2-848f69fd6b70,唇炎,86b3a20b-90a2-11e8-bbc9-44a8420c5800,K13.013,唇炎
40285,口角炎,86b3d58e-90a2-11e8-bbc9-44a8420c5800,K13.014,口角炎
41230,蛛网膜下腔出血,86b5b2b4-90a2-11e8-bbc9-44a8420c5800,I60.900,蛛网膜下腔出血
41229,脑出血,86b7a520-90a2-11e8-bbc9-44a8420c5800,I61.900,脑出血
41729,胃溃疡,86c1b0f1-90a2-11e8-bbc9-44a8420c5800,K25.900,胃溃疡
40785,十二指肠溃疡,86c3f940-90a2-11e8-bbc9-44a8420c5800,K26.900,十二指肠溃疡
6a702edd-31e1-11e6-804e-848f69fd6b70,胃十二指肠溃疡伴穿孔,86c53712-90a2-11e8-bbc9-44a8420c5800,K27.500,胃十二指肠溃疡伴穿孔
42004,心房扑动,86c651e0-90a2-11e8-bbc9-44a8420c5800,I48.x03,心房扑动
44364,神经官能症,86ce620d-90a2-11e8-bbc9-44a8420c5800,F48.901,神经官能症
37200,佝偻病,86d0c292-90a2-11e8-bbc9-44a8420c5800,E55.001,佝偻病
58fae144-31df-11e6-804e-848f69fd6b70,肠道念珠菌病,86dfee36-90a2-11e8-bbc9-44a8420c5800,B37.806,肠道念珠菌病
42081,心肌炎,86f14c64-90a2-11e8-bbc9-44a8420c5800,I51.400,心肌炎
44332,脑水肿,86f7c506-90a2-11e8-bbc9-44a8420c5800,G93.600,脑水肿
41225,脊髓空洞症,86fa1ab4-90a2-11e8-bbc9-44a8420c5800,G95.000,脊髓空洞症
435ae3ec-31e0-11e6-804e-848f69fd6b70,酸中毒,870aad35-90a2-11e8-bbc9-44a8420c5800,E87.200,酸中毒
434c3868-31e0-11e6-804e-848f69fd6b70,乳酸性酸中毒,870b1004-90a2-11e8-bbc9-44a8420c5800,E87.204,乳酸性酸中毒
37187,低钾血症,870c5c82-90a2-11e8-bbc9-44a8420c5800,E87.600,低钾血症
d2ba3662-31e1-11e6-804e-848f69fd6b70,感染性关节炎,871912de-90a2-11e8-bbc9-44a8420c5800,M00.901,感染性关节炎
44392,消化道出血,871bc92f-90a2-11e8-bbc9-44a8420c5800,K92.210,消化道出血
39488,胃肠功能紊乱,871c30e4-90a2-11e8-bbc9-44a8420c5800,K92.901,胃肠功能紊乱
41178,脊髓缺血,871dd726-90a2-11e8-bbc9-44a8420c5800,G95.103,脊髓缺血
035a515e-31e1-11e6-804e-848f69fd6b70,小脑后下动脉血栓形成,8723dcb7-90a2-11e8-bbc9-44a8420c5800,I66.303,小脑后下动脉血栓形成
38036,结节性红斑,87244290-90a2-11e8-bbc9-44a8420c5800,L52.x00,结节性红斑
37177,半乳糖血症,873c29a1-90a2-11e8-bbc9-44a8420c5800,E74.201,半乳糖血症
43107,多囊卵巢综合征,87410765-90a2-11e8-bbc9-44a8420c5800,E28.200,多囊卵巢综合征
41727,慢性胃炎,87578a27-90a2-11e8-bbc9-44a8420c5800,K29.500,慢性胃炎
6c70f4fb-31e1-11e6-804e-848f69fd6b70,糜烂性胃炎,875836ad-90a2-11e8-bbc9-44a8420c5800,K29.603,糜烂性胃炎
44391,消化不良,8759a7ca-90a2-11e8-bbc9-44a8420c5800,K30.x00,消化不良
41747,急性胃扩张,8759df81-90a2-11e8-bbc9-44a8420c5800,K31.000,急性胃扩张
1cbd1ed9-31e0-11e6-804e-848f69fd6b70,低血糖症,87616d68-90a2-11e8-bbc9-44a8420c5800,E16.200,低血糖症
38949,脊髓型颈椎病,87663476-90a2-11e8-bbc9-44a8420c5800,M47.101+,脊髓型颈椎病
44223,肺炎,876b20bb-90a2-11e8-bbc9-44a8420c5800,J18.900,肺炎
44284,急性支气管炎,876cd52c-90a2-11e8-bbc9-44a8420c5800,J20.900,急性支气管炎
43542,慢性鼻炎,876efd1c-90a2-11e8-bbc9-44a8420c5800,J31.000,慢性鼻炎
44197,玻璃体混浊,87720aa3-90a2-11e8-bbc9-44a8420c5800,H43.300,玻璃体混浊
37384,多发性大动脉炎,878428a0-90a2-11e8-bbc9-44a8420c5800,M31.401,多发性大动脉炎
b75092a7-ae22-11e5-9ee2-848f69fd6b70,甲状腺囊肿,878ccfe8-90a2-11e8-bbc9-44a8420c5800,E04.102,甲状腺囊肿
12f18dce-31e0-11e6-804e-848f69fd6b70,甲状腺肿,878ddb30-90a2-11e8-bbc9-44a8420c5800,E04.900,甲状腺肿
ae925496-31e1-11e6-804e-848f69fd6b70,急性淋巴管炎,87990678-90a2-11e8-bbc9-44a8420c5800,L03.901,急性淋巴管炎
87faf4f0-31e1-11e6-804e-848f69fd6b70,直肠肿物,879e2887-90a2-11e8-bbc9-44a8420c5800,K62.903,直肠肿物
44416,牙髓炎,879f5fd5-90a2-11e8-bbc9-44a8420c5800,K04.000,牙髓炎
39208,慢性肺源性心脏病,87a0c9e5-90a2-11e8-bbc9-44a8420c5800,I27.900,慢性肺源性心脏病
44408,心脏瓣膜病,87a2f368-90a2-11e8-bbc9-44a8420c5800,I38.x01,心脏瓣膜病
1c43c587-31e1-11e6-804e-848f69fd6b70,淋巴结炎,87ab5cfd-90a2-11e8-bbc9-44a8420c5800,I88.900,淋巴结炎
41949,冠状动脉粥样硬化性心脏病,87b44643-90a2-11e8-bbc9-44a8420c5800,I25.103,冠状动脉粥样硬化性心脏病
43563,咽旁脓肿,87b86272-90a2-11e8-bbc9-44a8420c5800,J39.003,咽旁脓肿
37956802-31e1-11e6-804e-848f69fd6b70,咽肌痉挛,87bb1444-90a2-11e8-bbc9-44a8420c5800,J39.218,咽肌痉挛
41975,主动脉瓣狭窄,87bbba5d-90a2-11e8-bbc9-44a8420c5800,I35.000,主动脉瓣狭窄
43659,牙周病,87c8c708-90a2-11e8-bbc9-44a8420c5800,K05.600,牙周病
41190,肌萎缩侧索硬化,87cfefef-90a2-11e8-bbc9-44a8420c5800,G12.201,肌萎缩侧索硬化
44334,脑萎缩,87d2d693-90a2-11e8-bbc9-44a8420c5800,G31.902,脑萎缩
44252,巩膜炎,87e82c5f-90a2-11e8-bbc9-44a8420c5800,H15.000,巩膜炎
43220,嗜铬细胞瘤,8b1fa67b-90a2-11e8-bbc9-44a8420c5800,M87000/0,嗜铬细胞瘤
b18460d1-ae22-11e5-9ee2-848f69fd6b70,肺动脉瓣狭窄,8b22edfe-90a2-11e8-bbc9-44a8420c5800,I37.000,肺动脉瓣狭窄
8b53a34f-31e1-11e6-804e-848f69fd6b70,急性弥漫性腹膜炎,8b23587c-90a2-11e8-bbc9-44a8420c5800,K65.003,急性弥漫性腹膜炎
44498,结肠息肉,8b2b39d7-90a2-11e8-bbc9-44a8420c5800,K63.500,结肠息肉
b0af6369-ae22-11e5-9ee2-848f69fd6b70,急性腹膜炎,8b2ec440-90a2-11e8-bbc9-44a8420c5800,K65.000,急性腹膜炎
55b4a275-31e1-11e6-804e-848f69fd6b70,残冠,8b5a501f-90a2-11e8-bbc9-44a8420c5800,K08.302,残冠
38543ab5-31e1-11e6-804e-848f69fd6b70,气管受压,8b680bb0-90a2-11e8-bbc9-44a8420c5800,J39.807,气管受压
39199,慢性支气管炎,8b690d1f-90a2-11e8-bbc9-44a8420c5800,J42.x00,慢性支气管炎
42221,支气管扩张,8b6e2c78-90a2-11e8-bbc9-44a8420c5800,J47.x00,支气管扩张
1e7e6b02-31e2-11e6-804e-848f69fd6b70,尿道口炎,8b78f7c7-90a2-11e8-bbc9-44a8420c5800,N34.202,尿道口炎
41582,狼疮性肾炎,8b7b65a9-90a2-11e8-bbc9-44a8420c5800,M32.101+,狼疮性肾炎
41908,缩窄性心包炎,8b8ae791-90a2-11e8-bbc9-44a8420c5800,I31.100,缩窄性心包炎
41572,血栓性血小板减少性紫癜,8bbda6bd-90a2-11e8-bbc9-44a8420c5800,M31.101,血栓性血小板减少性紫癜
40886,后天性动静脉瘘,8bc392ab-90a2-11e8-bbc9-44a8420c5800,I77.000,后天性动静脉瘘
44244,膈疝,8be29a53-90a2-11e8-bbc9-44a8420c5800,K44.900,膈疝
44293,腱鞘炎,8be5f4d9-90a2-11e8-bbc9-44a8420c5800,M65.910,腱鞘炎
38070,强直性脊柱炎,8bf6d3db-90a2-11e8-bbc9-44a8420c5800,M45.x00,强直性脊柱炎
38950,椎动脉型颈椎病,8bfa45d1-90a2-11e8-bbc9-44a8420c5800,M47.001+,椎动脉型颈椎病
524d415a-31e0-11e6-804e-848f69fd6b70,抑郁状态,8c0d0a52-90a2-11e8-bbc9-44a8420c5800,F32.901,抑郁状态
37186,高钠血症,8c116724-90a2-11e8-bbc9-44a8420c5800,E87.000,高钠血症
44810e98-31e1-11e6-804e-848f69fd6b70,化脓性胸膜炎,8c14c5b6-90a2-11e8-bbc9-44a8420c5800,J86.901,化脓性胸膜炎
42181,自发性气胸,8c15fc2d-90a2-11e8-bbc9-44a8420c5800,J93.001,自发性气胸
39263,胸腔积液,8c17be21-90a2-11e8-bbc9-44a8420c5800,J94.804,胸腔积液
39250,吸入性肺炎,8c21ab4d-90a2-11e8-bbc9-44a8420c5800,J69.001,吸入性肺炎
39146,成人呼吸窘迫综合征,8c236287-90a2-11e8-bbc9-44a8420c5800,J80.x00,成人呼吸窘迫综合征
39209,肺水肿,8c23c74c-90a2-11e8-bbc9-44a8420c5800,J81.x00,肺水肿
39210,肺纤维化,8c24794c-90a2-11e8-bbc9-44a8420c5800,J84.101,肺纤维化
44482,急性会厌炎,8c255d49-90a2-11e8-bbc9-44a8420c5800,J05.100,急性会厌炎
39702,输尿管结石,8c2d9638-90a2-11e8-bbc9-44a8420c5800,N20.100,输尿管结石
39703,膀胱结石,8c2dce19-90a2-11e8-bbc9-44a8420c5800,N21.000,膀胱结石
44397,婴儿湿疹,8c302de6-90a2-11e8-bbc9-44a8420c5800,L20.804,婴儿湿疹
39120,急性纵隔炎,8c33baf7-90a2-11e8-bbc9-44a8420c5800,J98.501,急性纵隔炎
118786A1861EFC4AE0500A0AC86471F9,急性喉炎,8c471108-90a2-11e8-bbc9-44a8420c5800,J04.000,急性喉炎
44355,屈光不正,8c4ed01f-90a2-11e8-bbc9-44a8420c5800,H52.701,屈光不正
40032,皮肌炎,8c743e88-90a2-11e8-bbc9-44a8420c5800,M33.101,皮肌炎
38049,高尿酸血症,8c9db86b-90a2-11e8-bbc9-44a8420c5800,E79.000,高尿酸血症
41218,苯丙酮尿症,8ca1e7ea-90a2-11e8-bbc9-44a8420c5800,E70.000,苯丙酮尿症
39142,急性呼吸衰竭,8caf6e96-90a2-11e8-bbc9-44a8420c5800,J96.000,急性呼吸衰竭
41536,痉挛性斜颈,8cb8f50f-90a2-11e8-bbc9-44a8420c5800,G24.300,痉挛性斜颈
41266,特发性震颤,8cbab020-90a2-11e8-bbc9-44a8420c5800,G25.000,特发性震颤
38123,不安腿综合征,8cbc3dd9-90a2-11e8-bbc9-44a8420c5800,G25.801,不安腿综合征
a1d26d71-31e1-11e6-804e-848f69fd6b70,急性重症胰腺炎,8cc7e0f2-90a2-11e8-bbc9-44a8420c5800,K85.902,急性重症胰腺炎
43be1a7e-31e0-11e6-804e-848f69fd6b70,碱中毒,8ccac300-90a2-11e8-bbc9-44a8420c5800,E87.300,碱中毒
58637bdc-31df-11e6-804e-848f69fd6b70,念珠菌性阴道炎,8ccfd7d7-90a2-11e8-bbc9-44a8420c5800,B37.301+,念珠菌性阴道炎
acd76c1b-ae22-11e5-9ee2-848f69fd6b70,肺囊肿,8cd70abf-90a2-11e8-bbc9-44a8420c5800,J98.409,肺囊肿
25e8778f-31e1-11e6-804e-848f69fd6b70,肺炎球菌性肺炎,8ced58a9-90a2-11e8-bbc9-44a8420c5800,J13.x00,肺炎球菌性肺炎
263007d9-31e1-11e6-804e-848f69fd6b70,葡萄球菌性肺炎,8cee72d4-90a2-11e8-bbc9-44a8420c5800,J15.200,葡萄球菌性肺炎
92544da1-31e1-11e6-804e-848f69fd6b70,慢性活动性肝炎,8cf137e6-90a2-11e8-bbc9-44a8420c5800,K73.200,慢性活动性肝炎
42070,心脏骤停,8cf6ebbf-90a2-11e8-bbc9-44a8420c5800,I46.900,心脏骤停
44311,泪道阻塞,8cfa97d6-90a2-11e8-bbc9-44a8420c5800,H04.509,泪道阻塞
41981,二尖瓣脱垂综合征,8d0c354a-90a2-11e8-bbc9-44a8420c5800,I34.101,二尖瓣脱垂综合征
cc9099f7-31e1-11e6-804e-848f69fd6b70,瘢痕,8d0d7ceb-90a2-11e8-bbc9-44a8420c5800,L90.501,瘢痕
42542,翼状胬肉,8d1f713a-90a2-11e8-bbc9-44a8420c5800,H11.000,翼状胬肉
118786A184B1FC4AE0500A0AC86471F9,固定性药疹,8d380a91-90a2-11e8-bbc9-44a8420c5800,L27.001,固定性药疹
40160,脂溢性皮炎,8d408e34-90a2-11e8-bbc9-44a8420c5800,L21.900,脂溢性皮炎
41324,脑栓塞,8d46160d-90a2-11e8-bbc9-44a8420c5800,I63.402,脑栓塞
41323,脑血栓形成,8d47f730-90a2-11e8-bbc9-44a8420c5800,I66.903,脑血栓形成
38613,结核性腹膜炎,8d64a370-90a2-11e8-bbc9-44a8420c5800,A18.314+,结核性腹膜炎
39662,肾结核,8d64dcb6-90a2-11e8-bbc9-44a8420c5800,A18.103+,肾结核
43571,龋齿,8d6ed893-90a2-11e8-bbc9-44a8420c5800,K02.900,龋齿
44271,喉水肿,8d721334-90a2-11e8-bbc9-44a8420c5800,J38.400,喉水肿
341898c5-31e1-11e6-804e-848f69fd6b70,喉痉挛,8d724b0c-90a2-11e8-bbc9-44a8420c5800,J38.500,喉痉挛
118786A184E6FC4AE0500A0AC86471F9,喉梗阻,8d72c2cf-90a2-11e8-bbc9-44a8420c5800,J38.601,喉梗阻
44403,心功能不全,8d870ccc-90a2-11e8-bbc9-44a8420c5800,I50.901,心功能不全
219b0051-31df-11e6-804e-848f69fd6b70,流行性脑膜炎,8da051e5-90a2-11e8-bbc9-44a8420c5800,A39.004+,流行性脑膜炎
40769,胃损伤,8da6c5c8-90a2-11e8-bbc9-44a8420c5800,S36.300,胃损伤
42179,开放性气胸,8daddadd-90a2-11e8-bbc9-44a8420c5800,S27.010,开放性气胸
1f0d4589-31e0-11e6-804e-848f69fd6b70,高泌乳素血症,8dbda334-90a2-11e8-bbc9-44a8420c5800,E22.100,高泌乳素血症
39771,结节性甲状腺肿,8dc6544c-90a2-11e8-bbc9-44a8420c5800,E04.902,结节性甲状腺肿
41755,肠结核,8dc77494-90a2-11e8-bbc9-44a8420c5800,A18.303+,肠结核
43290,妊娠合并白血病,8dfaed56-90a2-11e8-bbc9-44a8420c5800,O99.809,妊娠合并白血病
41516,脊髓蛛网膜炎,8e00864e-90a2-11e8-bbc9-44a8420c5800,G03.902,脊髓蛛网膜炎
41213,异染性脑白质营养不良,8e0aef7e-90a2-11e8-bbc9-44a8420c5800,E75.204,异染性脑白质营养不良
41514,脊索瘤,9024c09d-90a2-11e8-bbc9-44a8420c5800,M93700/3,脊索瘤
118786A185C7FC4AE0500A0AC86471F9,球后视神经炎,904cbeaf-90a2-11e8-bbc9-44a8420c5800,H46.x01,球后视神经炎
8aa78e0a-31e1-11e6-804e-848f69fd6b70,结肠肿物,90595198-90a2-11e8-bbc9-44a8420c5800,K63.811,结肠肿物
41073,脐疝,905aa36e-90a2-11e8-bbc9-44a8420c5800,K42.900,脐疝
8006ce94-31e1-11e6-804e-848f69fd6b70,肠梗阻伴粘连,905c3312-90a2-11e8-bbc9-44a8420c5800,K56.502,肠梗阻伴粘连
41740,胃息肉,905dbed9-90a2-11e8-bbc9-44a8420c5800,K31.700,胃息肉
40028,红斑狼疮,906b4344-90a2-11e8-bbc9-44a8420c5800,L93.001,红斑狼疮
118786A185FDFC4AE0500A0AC86471F9,溶血性黄疸,907cc152-90a2-11e8-bbc9-44a8420c5800,D59.902,溶血性黄疸
41010,急性乳腺炎,9086fe48-90a2-11e8-bbc9-44a8420c5800,N61.x05,急性乳腺炎
42117,创伤性膈疝,90a21116-90a2-11e8-bbc9-44a8420c5800,S27.805,创伤性膈疝
37061,卵巢妊娠,90d9d03f-90a2-11e8-bbc9-44a8420c5800,O00.200,卵巢妊娠
44317,卵巢囊肿,90dd7bbb-90a2-11e8-bbc9-44a8420c5800,N83.201,卵巢囊肿
119CA9AC8F9B940EE0500A0AC8642C62,慢性喉炎,90ea88db-90a2-11e8-bbc9-44a8420c5800,J37.000,慢性喉炎
41646,支原体感染,90f88483-90a2-11e8-bbc9-44a8420c5800,A49.300,支原体感染
38839,腕关节结核,9123b2df-90a2-11e8-bbc9-44a8420c5800,A18.029+,腕关节结核
7b2a7261-31e1-11e6-804e-848f69fd6b70,急性出血性肠炎,91259c85-90a2-11e8-bbc9-44a8420c5800,A09.006,急性出血性肠炎
abcf3221-ae22-11e5-9ee2-848f69fd6b70,胸椎结核,912da854-90a2-11e8-bbc9-44a8420c5800,A18.006+,胸椎结核
38935,脊柱结核,912e21c4-90a2-11e8-bbc9-44a8420c5800,A18.009+,脊柱结核
b7ed7b35-ae22-11e5-9ee2-848f69fd6b70,中暑,91397a8e-90a2-11e8-bbc9-44a8420c5800,T67.901,中暑
39902,湿疹,914d1b59-90a2-11e8-bbc9-44a8420c5800,L30.902,湿疹
38838,肘关节结核,915a2c5c-90a2-11e8-bbc9-44a8420c5800,A18.028+,肘关节结核
38841,髋关节结核,915abbb5-90a2-11e8-bbc9-44a8420c5800,A18.031+,髋关节结核
40679,毒蛇咬伤,917996c6-90a2-11e8-bbc9-44a8420c5800,T63.001,毒蛇咬伤
43694,牙龈瘤,918432de-90a2-11e8-bbc9-44a8420c5800,K06.803,牙龈瘤
39099,非典型性肺炎,91a7e82a-90a2-11e8-bbc9-44a8420c5800,J18.901,非典型性肺炎
40860,慢性阑尾炎,91d7da58-90a2-11e8-bbc9-44a8420c5800,K36.x02,慢性阑尾炎
752f6e92-31e1-11e6-804e-848f69fd6b70,嵌顿性股疝,91d9a7bf-90a2-11e8-bbc9-44a8420c5800,K41.302,嵌顿性股疝
42656,原发性开角型青光眼,91deae77-90a2-11e8-bbc9-44a8420c5800,H40.100,原发性开角型青光眼
40882,上肢深静脉血栓形成,92457f1c-90a2-11e8-bbc9-44a8420c5800,I82.805,上肢深静脉血栓形成
41376,神经梅毒,92626207-90a2-11e8-bbc9-44a8420c5800,A52.300,神经梅毒
39092,肺脓肿,928bdaaf-90a2-11e8-bbc9-44a8420c5800,J85.200,肺脓肿
33be6292-31e1-11e6-804e-848f69fd6b70,声带肿物,928e2971-90a2-11e8-bbc9-44a8420c5800,J38.308,声带肿物
40355,毛囊炎,92914e5e-90a2-11e8-bbc9-44a8420c5800,L73.900,毛囊炎
43226,骨样骨瘤,939d2d82-90a2-11e8-bbc9-44a8420c5800,M91910/0,骨样骨瘤
26a85c2a-31e1-11e6-804e-848f69fd6b70,绿脓杆菌性肺炎,93bf7a45-90a2-11e8-bbc9-44a8420c5800,J15.101,绿脓杆菌性肺炎
44556,角膜溃疡,93c37cc6-90a2-11e8-bbc9-44a8420c5800,H16.000,角膜溃疡
39844,扁平疣,93cf2143-90a2-11e8-bbc9-44a8420c5800,B07.x01,扁平疣
38311,滴虫性阴道炎,93f92759-90a2-11e8-bbc9-44a8420c5800,A59.002+,滴虫性阴道炎
41721,胃结核,94422767-90a2-11e8-bbc9-44a8420c5800,A18.812+,胃结核
44398,哮喘,944d633c-90a2-11e8-bbc9-44a8420c5800,J45.900,哮喘
27cc4877-31e1-11e6-804e-848f69fd6b70,大叶性肺炎,944e5491-90a2-11e8-bbc9-44a8420c5800,J18.100,大叶性肺炎
42182,血胸,944f41e6-90a2-11e8-bbc9-44a8420c5800,J94.200,血胸
39143,慢性呼吸衰竭,94508591-90a2-11e8-bbc9-44a8420c5800,J96.100,慢性呼吸衰竭
39168,换气过度综合征,9452f776-90a2-11e8-bbc9-44a8420c5800,F45.302,换气过度综合征
17ee24f4-31e1-11e6-804e-848f69fd6b70,外痔,9459bcb1-90a2-11e8-bbc9-44a8420c5800,I84.500,外痔
39619,精索静脉曲张,945a3134-90a2-11e8-bbc9-44a8420c5800,I86.101,精索静脉曲张
40788,先天性肠旋转不良,94818f4a-90a2-11e8-bbc9-44a8420c5800,Q43.301,先天性肠旋转不良
41427,脑外伤后综合征,9482d441-90a2-11e8-bbc9-44a8420c5800,F07.201,脑外伤后综合征
4bd82085-31e0-11e6-804e-848f69fd6b70,急性酒精中毒,94831210-90a2-11e8-bbc9-44a8420c5800,F10.000,急性酒精中毒
43557,慢性扁桃体炎,94901a4d-90a2-11e8-bbc9-44a8420c5800,J35.000,慢性扁桃体炎
41849,先天性胆总管囊肿,94a6d566-90a2-11e8-bbc9-44a8420c5800,Q44.400,先天性胆总管囊肿
01bb4a5f-31e3-11e6-804e-848f69fd6b70,肺部阴影,94cb2bcf-90a2-11e8-bbc9-44a8420c5800,R91.x00,肺部阴影
2a85a9d6-31e3-11e6-804e-848f69fd6b70,创伤性肝破裂,94e5037b-90a2-11e8-bbc9-44a8420c5800,S36.102,创伤性肝破裂
38726,臂丛神经损伤,94ecd001-90a2-11e8-bbc9-44a8420c5800,S14.300,臂丛神经损伤
03826cda-31e3-11e6-804e-848f69fd6b70,肝功能异常,94ef6be4-90a2-11e8-bbc9-44a8420c5800,R94.500,肝功能异常
44399,间歇性外斜视,950edaa0-90a2-11e8-bbc9-44a8420c5800,H50.301,间歇性外斜视
40115,高胡萝卜素血症,9517f5e9-90a2-11e8-bbc9-44a8420c5800,E67.100,高胡萝卜素血症
b18ca4f1-ae22-11e5-9ee2-848f69fd6b70,急性脑血管病,952a1ffa-90a2-11e8-bbc9-44a8420c5800,I67.802,急性脑血管病
39726,尿道损伤,953dc5a5-90a2-11e8-bbc9-44a8420c5800,S37.300,尿道损伤
39626,肾动脉栓塞,95492864-90a2-11e8-bbc9-44a8420c5800,N28.004,肾动脉栓塞
2250ed2b-31e1-11e6-804e-848f69fd6b70,急性咽炎,954dd9eb-90a2-11e8-bbc9-44a8420c5800,J02.900,急性咽炎
41255,先天性肌强直,95554db6-90a2-11e8-bbc9-44a8420c5800,G71.104,先天性肌强直
9057988c-31e0-11e6-804e-848f69fd6b70,枕骨大孔疝,9558911d-90a2-11e8-bbc9-44a8420c5800,G93.502,枕骨大孔疝
38045,风湿热,9559bc48-90a2-11e8-bbc9-44a8420c5800,I00.x00,风湿热
41952,不稳定性心绞痛,955aa2f8-90a2-11e8-bbc9-44a8420c5800,I20.000,不稳定性心绞痛
41544,肾病综合征,9933c637-90a2-11e8-bbc9-44a8420c5800,N04.900,肾病综合征
44201,肠粘连,993980c8-90a2-11e8-bbc9-44a8420c5800,K66.002,肠粘连
7faedccb-31e2-11e6-804e-848f69fd6b70,新生儿低氧血症,99582855-90a2-11e8-bbc9-44a8420c5800,P20.902,新生儿低氧血症
7fbd8ad2-31e2-11e6-804e-848f69fd6b70,新生儿肺透明膜病,99586d1f-90a2-11e8-bbc9-44a8420c5800,P22.001,新生儿肺透明膜病
68c16a01-31e2-11e6-804e-848f69fd6b70,产后播散性血管内凝血,996bddf5-90a2-11e8-bbc9-44a8420c5800,O72.301,产后播散性血管内凝血
39604,鞘膜积液,9987aa87-90a2-11e8-bbc9-44a8420c5800,N43.300,鞘膜积液
39632,睾丸扭转,9987e463-90a2-11e8-bbc9-44a8420c5800,N44.x00,睾丸扭转
44227,附睾炎,99881e51-90a2-11e8-bbc9-44a8420c5800,N45.903,附睾炎
38852,肘管综合征,999d2cb2-90a2-11e8-bbc9-44a8420c5800,G56.202,肘管综合征
44189,包皮过长,99a3ae84-90a2-11e8-bbc9-44a8420c5800,N47.x01,包皮过长
42082,病毒性心肌炎,99af8f75-90a2-11e8-bbc9-44a8420c5800,I40.001,病毒性心肌炎
118786A18659FC4AE0500A0AC86471F9,酒精性脂肪肝,99c861fd-90a2-11e8-bbc9-44a8420c5800,K70.000,酒精性脂肪肝
53c9c9df-31e3-11e6-804e-848f69fd6b70,踝关节扭伤,99da829a-90a2-11e8-bbc9-44a8420c5800,S93.401,踝关节扭伤
40795,麻痹性肠梗阻,99ecccda-90a2-11e8-bbc9-44a8420c5800,K56.000,麻痹性肠梗阻
6a1806ff-31e1-11e6-804e-848f69fd6b70,胃十二指肠溃疡伴出血,99eef967-90a2-11e8-bbc9-44a8420c5800,K27.400,胃十二指肠溃疡伴出血
6a3bf5f8-31e0-11e6-804e-848f69fd6b70,急性脊髓炎,99f90480-90a2-11e8-bbc9-44a8420c5800,G04.909,急性脊髓炎
41616,流行性出血热,9a005f94-90a2-11e8-bbc9-44a8420c5800,A98.502+,流行性出血热
38948,神经根型颈椎病,9a149ba6-90a2-11e8-bbc9-44a8420c5800,M47.201,神经根型颈椎病
42180,张力性气胸,9a19014c-90a2-11e8-bbc9-44a8420c5800,J93.003,张力性气胸
41901,充血性心力衰竭,9a36625d-90a2-11e8-bbc9-44a8420c5800,I50.000,充血性心力衰竭
37176,高脂血症,9a5de20b-90a2-11e8-bbc9-44a8420c5800,E78.500,高脂血症
42154,反流性食管炎,9a6baee8-90a2-11e8-bbc9-44a8420c5800,K21.001,反流性食管炎
51d1e1fd-31e1-11e6-804e-848f69fd6b70,慢性牙周炎,9a79e7d8-90a2-11e8-bbc9-44a8420c5800,K05.300,慢性牙周炎
44245,跟腱断裂,9a7ec414-90a2-11e8-bbc9-44a8420c5800,S86.001,跟腱断裂
b194e3dc-ae22-11e5-9ee2-848f69fd6b70,急性心力衰竭,9a811cad-90a2-11e8-bbc9-44a8420c5800,I50.907,急性心力衰竭
118786A1850AFC4AE0500A0AC86471F9,迷路炎,9a962f9c-90a2-11e8-bbc9-44a8420c5800,H83.000,迷路炎
43658,鼻骨骨折,9aab1cd6-90a2-11e8-bbc9-44a8420c5800,S02.200,鼻骨骨折
17539b91-31e0-11e6-804e-848f69fd6b70,甲状腺肿物,9ac58f82-90a2-11e8-bbc9-44a8420c5800,E07.901,甲状腺肿物
38571,幽门螺旋杆菌感染,9ad3bd4b-90a2-11e8-bbc9-44a8420c5800,A49.809,幽门螺旋杆菌感染
37252,新生儿出血病,9ae2ca4c-90a2-11e8-bbc9-44a8420c5800,P53.x00,新生儿出血病
614c3d84-31e3-11e6-804e-848f69fd6b70,角膜异物,9af38481-90a2-11e8-bbc9-44a8420c5800,T15.000,角膜异物
61e47eef-31e3-11e6-804e-848f69fd6b70,耳内异物,9af3bc90-90a2-11e8-bbc9-44a8420c5800,T16.x00,耳内异物
2c8a5375-31e2-11e6-804e-848f69fd6b70,急性输卵管炎,9afd9ba1-90a2-11e8-bbc9-44a8420c5800,N70.001,急性输卵管炎
41842,胆囊息肉,9b05ccaa-90a2-11e8-bbc9-44a8420c5800,K82.802,胆囊息肉
44559,急性化脓性胆管炎,9b06068d-90a2-11e8-bbc9-44a8420c5800,K83.002,急性化脓性胆管炎
118786A1852FFC4AE0500A0AC86471F9,慢性化脓性中耳炎,9b2b3db8-90a2-11e8-bbc9-44a8420c5800,H66.301,慢性化脓性中耳炎
12996f1e-31e0-11e6-804e-848f69fd6b70,甲状腺结节,9b304301-90a2-11e8-bbc9-44a8420c5800,E04.101,甲状腺结节
41731,应激性溃疡,9b385db6-90a2-11e8-bbc9-44a8420c5800,K27.902,应激性溃疡
41312,紧张性头痛,9b508ccf-90a2-11e8-bbc9-44a8420c5800,G44.200,紧张性头痛
52b98084-31df-11e6-804e-848f69fd6b70,咽结膜热,9b56ac83-90a2-11e8-bbc9-44a8420c5800,B30.201+,咽结膜热
83e8aded-31e2-11e6-804e-848f69fd6b70,新生儿循环衰竭,9b685584-90a2-11e8-bbc9-44a8420c5800,P29.801,新生儿循环衰竭
44346,皮炎,9b773d0e-90a2-11e8-bbc9-44a8420c5800,L30.900,皮炎
40153,老年性紫癜,9b79eb65-90a2-11e8-bbc9-44a8420c5800,D69.202,老年性紫癜
42272,自身免疫性溶血性贫血,9b7ed67b-90a2-11e8-bbc9-44a8420c5800,D59.101,自身免疫性溶血性贫血
41060,腹膜后血肿,9b895326-90a2-11e8-bbc9-44a8420c5800,K66.102,腹膜后血肿
41764,肠梗阻,9b8aa9d9-90a2-11e8-bbc9-44a8420c5800,K56.700,肠梗阻
245a3867-31e1-11e6-804e-848f69fd6b70,急性咽喉炎,9b991e60-90a2-11e8-bbc9-44a8420c5800,J06.000,急性咽喉炎
44307,阑尾炎,9ba7f6f8-90a2-11e8-bbc9-44a8420c5800,K37.x00,阑尾炎
59ae9963-31e1-11e6-804e-848f69fd6b70,慢性颌下腺炎,9ba9a63d-90a2-11e8-bbc9-44a8420c5800,K11.205,慢性颌下腺炎
37200,佝偻病,064909a2-9a10-11e8-bbc9-44a8420c5800,BEZ161,佝偻病
