00f2a6d9-31e0-11e6-804e-848f69fd6b70,1,1
00f2a6d9-31e0-11e6-804e-848f69fd6b70,2,1
00f2a6d9-31e0-11e6-804e-848f69fd6b70,3,1
00f2a6d9-31e0-11e6-804e-848f69fd6b70,4,1
00f2a6d9-31e0-11e6-804e-848f69fd6b70,5,1
00f2a6d9-31e0-11e6-804e-848f69fd6b70,6,1
010ef5d2-31e1-11e6-804e-848f69fd6b70,1,0
010ef5d2-31e1-11e6-804e-848f69fd6b70,2,0
010ef5d2-31e1-11e6-804e-848f69fd6b70,3,1
010ef5d2-31e1-11e6-804e-848f69fd6b70,4,1
010ef5d2-31e1-11e6-804e-848f69fd6b70,5,1
010ef5d2-31e1-11e6-804e-848f69fd6b70,6,1
0186d526-31df-11e6-804e-848f69fd6b70,1,1
0186d526-31df-11e6-804e-848f69fd6b70,2,1
0186d526-31df-11e6-804e-848f69fd6b70,3,1
0186d526-31df-11e6-804e-848f69fd6b70,4,1
0186d526-31df-11e6-804e-848f69fd6b70,5,1
0186d526-31df-11e6-804e-848f69fd6b70,6,1
018e5db7-31e3-11e6-804e-848f69fd6b70,1,1
018e5db7-31e3-11e6-804e-848f69fd6b70,2,1
018e5db7-31e3-11e6-804e-848f69fd6b70,3,1
018e5db7-31e3-11e6-804e-848f69fd6b70,4,1
018e5db7-31e3-11e6-804e-848f69fd6b70,5,1
018e5db7-31e3-11e6-804e-848f69fd6b70,6,1
01bb4a5f-31e3-11e6-804e-848f69fd6b70,1,1
01bb4a5f-31e3-11e6-804e-848f69fd6b70,2,1
01bb4a5f-31e3-11e6-804e-848f69fd6b70,3,1
01bb4a5f-31e3-11e6-804e-848f69fd6b70,4,1
01bb4a5f-31e3-11e6-804e-848f69fd6b70,5,1
01bb4a5f-31e3-11e6-804e-848f69fd6b70,6,1
0256fc5e-31e1-11e6-804e-848f69fd6b70,1,0
0256fc5e-31e1-11e6-804e-848f69fd6b70,2,0
0256fc5e-31e1-11e6-804e-848f69fd6b70,3,1
0256fc5e-31e1-11e6-804e-848f69fd6b70,4,1
0256fc5e-31e1-11e6-804e-848f69fd6b70,5,1
0256fc5e-31e1-11e6-804e-848f69fd6b70,6,1
0373c1ac-31e3-11e6-804e-848f69fd6b70,1,1
0373c1ac-31e3-11e6-804e-848f69fd6b70,2,1
0373c1ac-31e3-11e6-804e-848f69fd6b70,3,1
0373c1ac-31e3-11e6-804e-848f69fd6b70,4,1
0373c1ac-31e3-11e6-804e-848f69fd6b70,5,1
0373c1ac-31e3-11e6-804e-848f69fd6b70,6,1
03826cda-31e3-11e6-804e-848f69fd6b70,1,1
03826cda-31e3-11e6-804e-848f69fd6b70,2,1
03826cda-31e3-11e6-804e-848f69fd6b70,3,1
03826cda-31e3-11e6-804e-848f69fd6b70,4,1
03826cda-31e3-11e6-804e-848f69fd6b70,5,1
03826cda-31e3-11e6-804e-848f69fd6b70,6,1
04d4a4e9-f8c5-4516-87b3-61a6b409ea7e,1,0
04d4a4e9-f8c5-4516-87b3-61a6b409ea7e,2,0
04d4a4e9-f8c5-4516-87b3-61a6b409ea7e,3,1
04d4a4e9-f8c5-4516-87b3-61a6b409ea7e,4,1
04d4a4e9-f8c5-4516-87b3-61a6b409ea7e,5,1
04d4a4e9-f8c5-4516-87b3-61a6b409ea7e,6,1
05a63a4b-31e1-11e6-804e-848f69fd6b70,1,1
05a63a4b-31e1-11e6-804e-848f69fd6b70,2,1
05a63a4b-31e1-11e6-804e-848f69fd6b70,3,1
05a63a4b-31e1-11e6-804e-848f69fd6b70,4,1
05a63a4b-31e1-11e6-804e-848f69fd6b70,5,1
05a63a4b-31e1-11e6-804e-848f69fd6b70,6,1
0cab7d93-31e1-11e6-804e-848f69fd6b70,1,1
0cab7d93-31e1-11e6-804e-848f69fd6b70,2,1
0cab7d93-31e1-11e6-804e-848f69fd6b70,3,1
0cab7d93-31e1-11e6-804e-848f69fd6b70,4,1
0cab7d93-31e1-11e6-804e-848f69fd6b70,5,1
0cab7d93-31e1-11e6-804e-848f69fd6b70,6,1
0d0e29e9-31e2-11e6-804e-848f69fd6b70,1,1
0d0e29e9-31e2-11e6-804e-848f69fd6b70,2,1
0d0e29e9-31e2-11e6-804e-848f69fd6b70,3,1
0d0e29e9-31e2-11e6-804e-848f69fd6b70,4,1
0d0e29e9-31e2-11e6-804e-848f69fd6b70,5,1
0d0e29e9-31e2-11e6-804e-848f69fd6b70,6,1
0d4ea9cc-31e2-11e6-804e-848f69fd6b70,1,1
0d4ea9cc-31e2-11e6-804e-848f69fd6b70,2,1
0d4ea9cc-31e2-11e6-804e-848f69fd6b70,3,1
0d4ea9cc-31e2-11e6-804e-848f69fd6b70,4,1
0d4ea9cc-31e2-11e6-804e-848f69fd6b70,5,1
0d4ea9cc-31e2-11e6-804e-848f69fd6b70,6,1
0d533e9b-31df-11e6-804e-848f69fd6b70,1,1
0d533e9b-31df-11e6-804e-848f69fd6b70,2,1
0d533e9b-31df-11e6-804e-848f69fd6b70,3,1
0d533e9b-31df-11e6-804e-848f69fd6b70,4,1
0d533e9b-31df-11e6-804e-848f69fd6b70,5,1
0d533e9b-31df-11e6-804e-848f69fd6b70,6,1
0e24939f-6eee-4dd5-be6c-e993f7defbf8,1,1
0e24939f-6eee-4dd5-be6c-e993f7defbf8,2,1
0e24939f-6eee-4dd5-be6c-e993f7defbf8,3,1
0e24939f-6eee-4dd5-be6c-e993f7defbf8,4,1
0e24939f-6eee-4dd5-be6c-e993f7defbf8,5,1
0e24939f-6eee-4dd5-be6c-e993f7defbf8,6,1
0edc96ee-31e2-11e6-804e-848f69fd6b70,1,1
0edc96ee-31e2-11e6-804e-848f69fd6b70,2,1
0edc96ee-31e2-11e6-804e-848f69fd6b70,3,1
0edc96ee-31e2-11e6-804e-848f69fd6b70,4,1
0edc96ee-31e2-11e6-804e-848f69fd6b70,5,1
0edc96ee-31e2-11e6-804e-848f69fd6b70,6,1
118786A184B1FC4AE0500A0AC86471F9,1,1
118786A184B1FC4AE0500A0AC86471F9,2,1
118786A184B1FC4AE0500A0AC86471F9,3,1
118786A184B1FC4AE0500A0AC86471F9,4,1
118786A184B1FC4AE0500A0AC86471F9,5,1
118786A184B1FC4AE0500A0AC86471F9,6,1
118786A1850AFC4AE0500A0AC86471F9,1,1
118786A1850AFC4AE0500A0AC86471F9,2,1
118786A1850AFC4AE0500A0AC86471F9,3,1
118786A1850AFC4AE0500A0AC86471F9,4,1
118786A1850AFC4AE0500A0AC86471F9,5,1
118786A1850AFC4AE0500A0AC86471F9,6,1
118786A1852FFC4AE0500A0AC86471F9,1,1
118786A1852FFC4AE0500A0AC86471F9,2,1
118786A1852FFC4AE0500A0AC86471F9,3,1
118786A1852FFC4AE0500A0AC86471F9,4,1
118786A1852FFC4AE0500A0AC86471F9,5,1
118786A1852FFC4AE0500A0AC86471F9,6,1
118786A185B5FC4AE0500A0AC86471F9,1,1
118786A185B5FC4AE0500A0AC86471F9,2,1
118786A185B5FC4AE0500A0AC86471F9,3,0
118786A185B5FC4AE0500A0AC86471F9,4,0
118786A185B5FC4AE0500A0AC86471F9,5,0
118786A185B5FC4AE0500A0AC86471F9,6,0
118786A185C7FC4AE0500A0AC86471F9,1,1
118786A185C7FC4AE0500A0AC86471F9,2,1
118786A185C7FC4AE0500A0AC86471F9,3,1
118786A185C7FC4AE0500A0AC86471F9,4,1
118786A185C7FC4AE0500A0AC86471F9,5,1
118786A185C7FC4AE0500A0AC86471F9,6,1
118786A185FDFC4AE0500A0AC86471F9,1,1
118786A185FDFC4AE0500A0AC86471F9,2,1
118786A185FDFC4AE0500A0AC86471F9,3,1
118786A185FDFC4AE0500A0AC86471F9,4,1
118786A185FDFC4AE0500A0AC86471F9,5,1
118786A185FDFC4AE0500A0AC86471F9,6,1
118786A1861EFC4AE0500A0AC86471F9,1,1
118786A1861EFC4AE0500A0AC86471F9,2,1
118786A1861EFC4AE0500A0AC86471F9,3,1
118786A1861EFC4AE0500A0AC86471F9,4,1
118786A1861EFC4AE0500A0AC86471F9,5,1
118786A1861EFC4AE0500A0AC86471F9,6,1
118786A18629FC4AE0500A0AC86471F9,1,1
118786A18629FC4AE0500A0AC86471F9,2,1
118786A18629FC4AE0500A0AC86471F9,3,1
118786A18629FC4AE0500A0AC86471F9,4,1
118786A18629FC4AE0500A0AC86471F9,5,1
118786A18629FC4AE0500A0AC86471F9,6,1
118786A18659FC4AE0500A0AC86471F9,1,0
118786A18659FC4AE0500A0AC86471F9,2,0
118786A18659FC4AE0500A0AC86471F9,3,1
118786A18659FC4AE0500A0AC86471F9,4,1
118786A18659FC4AE0500A0AC86471F9,5,1
118786A18659FC4AE0500A0AC86471F9,6,1
118786A186ADFC4AE0500A0AC86471F9,1,0
118786A186ADFC4AE0500A0AC86471F9,2,1
118786A186ADFC4AE0500A0AC86471F9,3,1
118786A186ADFC4AE0500A0AC86471F9,4,1
118786A186ADFC4AE0500A0AC86471F9,5,1
118786A186ADFC4AE0500A0AC86471F9,6,0
119CA9AC8F9B940EE0500A0AC8642C62,1,1
119CA9AC8F9B940EE0500A0AC8642C62,2,1
119CA9AC8F9B940EE0500A0AC8642C62,3,1
119CA9AC8F9B940EE0500A0AC8642C62,4,1
119CA9AC8F9B940EE0500A0AC8642C62,5,1
119CA9AC8F9B940EE0500A0AC8642C62,6,1
12996f1e-31e0-11e6-804e-848f69fd6b70,1,1
12996f1e-31e0-11e6-804e-848f69fd6b70,2,1
12996f1e-31e0-11e6-804e-848f69fd6b70,3,1
12996f1e-31e0-11e6-804e-848f69fd6b70,4,1
12996f1e-31e0-11e6-804e-848f69fd6b70,5,1
12996f1e-31e0-11e6-804e-848f69fd6b70,6,1
12f18dce-31e0-11e6-804e-848f69fd6b70,1,1
12f18dce-31e0-11e6-804e-848f69fd6b70,2,1
12f18dce-31e0-11e6-804e-848f69fd6b70,3,1
12f18dce-31e0-11e6-804e-848f69fd6b70,4,1
12f18dce-31e0-11e6-804e-848f69fd6b70,5,1
12f18dce-31e0-11e6-804e-848f69fd6b70,6,1
133c3635-31e2-11e6-804e-848f69fd6b70,1,1
133c3635-31e2-11e6-804e-848f69fd6b70,2,1
133c3635-31e2-11e6-804e-848f69fd6b70,3,1
133c3635-31e2-11e6-804e-848f69fd6b70,4,1
133c3635-31e2-11e6-804e-848f69fd6b70,5,1
133c3635-31e2-11e6-804e-848f69fd6b70,6,1
1371ab13-31e1-11e6-804e-848f69fd6b70,1,0
1371ab13-31e1-11e6-804e-848f69fd6b70,2,0
1371ab13-31e1-11e6-804e-848f69fd6b70,3,1
1371ab13-31e1-11e6-804e-848f69fd6b70,4,1
1371ab13-31e1-11e6-804e-848f69fd6b70,5,1
1371ab13-31e1-11e6-804e-848f69fd6b70,6,1
14102bac-31e2-11e6-804e-848f69fd6b70,1,1
14102bac-31e2-11e6-804e-848f69fd6b70,2,1
14102bac-31e2-11e6-804e-848f69fd6b70,3,1
14102bac-31e2-11e6-804e-848f69fd6b70,4,1
14102bac-31e2-11e6-804e-848f69fd6b70,5,1
14102bac-31e2-11e6-804e-848f69fd6b70,6,1
14c93231-31e4-11e6-804e-848f69fd6b70,1,1
14c93231-31e4-11e6-804e-848f69fd6b70,2,1
14c93231-31e4-11e6-804e-848f69fd6b70,3,1
14c93231-31e4-11e6-804e-848f69fd6b70,4,1
14c93231-31e4-11e6-804e-848f69fd6b70,5,1
14c93231-31e4-11e6-804e-848f69fd6b70,6,1
14dcd023-31e2-11e6-804e-848f69fd6b70,1,1
14dcd023-31e2-11e6-804e-848f69fd6b70,2,1
14dcd023-31e2-11e6-804e-848f69fd6b70,3,1
14dcd023-31e2-11e6-804e-848f69fd6b70,4,1
14dcd023-31e2-11e6-804e-848f69fd6b70,5,1
14dcd023-31e2-11e6-804e-848f69fd6b70,6,1
14eb82f6-31e2-11e6-804e-848f69fd6b70,1,1
14eb82f6-31e2-11e6-804e-848f69fd6b70,2,1
14eb82f6-31e2-11e6-804e-848f69fd6b70,3,1
14eb82f6-31e2-11e6-804e-848f69fd6b70,4,1
14eb82f6-31e2-11e6-804e-848f69fd6b70,5,1
14eb82f6-31e2-11e6-804e-848f69fd6b70,6,1
16673cb5-31e0-11e6-804e-848f69fd6b70,1,0
16673cb5-31e0-11e6-804e-848f69fd6b70,2,0
16673cb5-31e0-11e6-804e-848f69fd6b70,3,1
16673cb5-31e0-11e6-804e-848f69fd6b70,4,1
16673cb5-31e0-11e6-804e-848f69fd6b70,5,1
16673cb5-31e0-11e6-804e-848f69fd6b70,6,1
17539b91-31e0-11e6-804e-848f69fd6b70,1,1
17539b91-31e0-11e6-804e-848f69fd6b70,2,1
17539b91-31e0-11e6-804e-848f69fd6b70,3,1
17539b91-31e0-11e6-804e-848f69fd6b70,4,1
17539b91-31e0-11e6-804e-848f69fd6b70,5,1
17539b91-31e0-11e6-804e-848f69fd6b70,6,1
17616f81-31e3-11e6-804e-848f69fd6b70,1,1
17616f81-31e3-11e6-804e-848f69fd6b70,2,1
17616f81-31e3-11e6-804e-848f69fd6b70,3,1
17616f81-31e3-11e6-804e-848f69fd6b70,4,1
17616f81-31e3-11e6-804e-848f69fd6b70,5,1
17616f81-31e3-11e6-804e-848f69fd6b70,6,1
178ce4ed-31e1-11e6-804e-848f69fd6b70,1,1
178ce4ed-31e1-11e6-804e-848f69fd6b70,2,1
178ce4ed-31e1-11e6-804e-848f69fd6b70,3,1
178ce4ed-31e1-11e6-804e-848f69fd6b70,4,1
178ce4ed-31e1-11e6-804e-848f69fd6b70,5,1
178ce4ed-31e1-11e6-804e-848f69fd6b70,6,1
17ee24f4-31e1-11e6-804e-848f69fd6b70,1,1
17ee24f4-31e1-11e6-804e-848f69fd6b70,2,1
17ee24f4-31e1-11e6-804e-848f69fd6b70,3,1
17ee24f4-31e1-11e6-804e-848f69fd6b70,4,1
17ee24f4-31e1-11e6-804e-848f69fd6b70,5,1
17ee24f4-31e1-11e6-804e-848f69fd6b70,6,1
186300a5-31e4-11e6-804e-848f69fd6b70,1,1
186300a5-31e4-11e6-804e-848f69fd6b70,2,1
186300a5-31e4-11e6-804e-848f69fd6b70,3,1
186300a5-31e4-11e6-804e-848f69fd6b70,4,1
186300a5-31e4-11e6-804e-848f69fd6b70,5,1
186300a5-31e4-11e6-804e-848f69fd6b70,6,1
1865f599-31e1-11e6-804e-848f69fd6b70,1,1
1865f599-31e1-11e6-804e-848f69fd6b70,2,1
1865f599-31e1-11e6-804e-848f69fd6b70,3,1
1865f599-31e1-11e6-804e-848f69fd6b70,4,1
1865f599-31e1-11e6-804e-848f69fd6b70,5,1
1865f599-31e1-11e6-804e-848f69fd6b70,6,1
18a7faf1-fbb8-11e5-a258-f98ed89254eb,1,1
18a7faf1-fbb8-11e5-a258-f98ed89254eb,2,1
18a7faf1-fbb8-11e5-a258-f98ed89254eb,3,1
18a7faf1-fbb8-11e5-a258-f98ed89254eb,4,1
18a7faf1-fbb8-11e5-a258-f98ed89254eb,5,1
18a7faf1-fbb8-11e5-a258-f98ed89254eb,6,1
18bf1f51-31e4-11e6-804e-848f69fd6b70,1,1
18bf1f51-31e4-11e6-804e-848f69fd6b70,2,1
18bf1f51-31e4-11e6-804e-848f69fd6b70,3,1
18bf1f51-31e4-11e6-804e-848f69fd6b70,4,1
18bf1f51-31e4-11e6-804e-848f69fd6b70,5,1
18bf1f51-31e4-11e6-804e-848f69fd6b70,6,1
19f9dfbc-31e4-11e6-804e-848f69fd6b70,1,1
19f9dfbc-31e4-11e6-804e-848f69fd6b70,2,1
19f9dfbc-31e4-11e6-804e-848f69fd6b70,3,1
19f9dfbc-31e4-11e6-804e-848f69fd6b70,4,1
19f9dfbc-31e4-11e6-804e-848f69fd6b70,5,1
19f9dfbc-31e4-11e6-804e-848f69fd6b70,6,1
1a599dcd-31e2-11e6-804e-848f69fd6b70,1,1
1a599dcd-31e2-11e6-804e-848f69fd6b70,2,1
1a599dcd-31e2-11e6-804e-848f69fd6b70,3,1
1a599dcd-31e2-11e6-804e-848f69fd6b70,4,1
1a599dcd-31e2-11e6-804e-848f69fd6b70,5,1
1a599dcd-31e2-11e6-804e-848f69fd6b70,6,1
1b5fbf73-31e4-11e6-804e-848f69fd6b70,1,1
1b5fbf73-31e4-11e6-804e-848f69fd6b70,2,1
1b5fbf73-31e4-11e6-804e-848f69fd6b70,3,1
1b5fbf73-31e4-11e6-804e-848f69fd6b70,4,1
1b5fbf73-31e4-11e6-804e-848f69fd6b70,5,1
1b5fbf73-31e4-11e6-804e-848f69fd6b70,6,1
1bab728c-31e0-11e6-804e-848f69fd6b70,1,1
1bab728c-31e0-11e6-804e-848f69fd6b70,2,1
1bab728c-31e0-11e6-804e-848f69fd6b70,3,1
1bab728c-31e0-11e6-804e-848f69fd6b70,4,1
1bab728c-31e0-11e6-804e-848f69fd6b70,5,1
1bab728c-31e0-11e6-804e-848f69fd6b70,6,1
1c08ba21-31e4-11e6-804e-848f69fd6b70,1,1
1c08ba21-31e4-11e6-804e-848f69fd6b70,2,1
1c08ba21-31e4-11e6-804e-848f69fd6b70,3,1
1c08ba21-31e4-11e6-804e-848f69fd6b70,4,1
1c08ba21-31e4-11e6-804e-848f69fd6b70,5,1
1c08ba21-31e4-11e6-804e-848f69fd6b70,6,1
1c43c587-31e1-11e6-804e-848f69fd6b70,1,1
1c43c587-31e1-11e6-804e-848f69fd6b70,2,1
1c43c587-31e1-11e6-804e-848f69fd6b70,3,1
1c43c587-31e1-11e6-804e-848f69fd6b70,4,1
1c43c587-31e1-11e6-804e-848f69fd6b70,5,1
1c43c587-31e1-11e6-804e-848f69fd6b70,6,1
1cbd1ed9-31e0-11e6-804e-848f69fd6b70,1,1
1cbd1ed9-31e0-11e6-804e-848f69fd6b70,2,1
1cbd1ed9-31e0-11e6-804e-848f69fd6b70,3,1
1cbd1ed9-31e0-11e6-804e-848f69fd6b70,4,1
1cbd1ed9-31e0-11e6-804e-848f69fd6b70,5,1
1cbd1ed9-31e0-11e6-804e-848f69fd6b70,6,1
1cbf53e9-31df-11e6-804e-848f69fd6b70,1,1
1cbf53e9-31df-11e6-804e-848f69fd6b70,2,1
1cbf53e9-31df-11e6-804e-848f69fd6b70,3,1
1cbf53e9-31df-11e6-804e-848f69fd6b70,4,1
1cbf53e9-31df-11e6-804e-848f69fd6b70,5,1
1cbf53e9-31df-11e6-804e-848f69fd6b70,6,1
1e6111af-31e2-11e6-804e-848f69fd6b70,1,1
1e6111af-31e2-11e6-804e-848f69fd6b70,2,1
1e6111af-31e2-11e6-804e-848f69fd6b70,3,1
1e6111af-31e2-11e6-804e-848f69fd6b70,4,1
1e6111af-31e2-11e6-804e-848f69fd6b70,5,1
1e6111af-31e2-11e6-804e-848f69fd6b70,6,1
1e7e6b02-31e2-11e6-804e-848f69fd6b70,1,1
1e7e6b02-31e2-11e6-804e-848f69fd6b70,2,1
1e7e6b02-31e2-11e6-804e-848f69fd6b70,3,1
1e7e6b02-31e2-11e6-804e-848f69fd6b70,4,1
1e7e6b02-31e2-11e6-804e-848f69fd6b70,5,1
1e7e6b02-31e2-11e6-804e-848f69fd6b70,6,1
1f0d4589-31e0-11e6-804e-848f69fd6b70,1,0
1f0d4589-31e0-11e6-804e-848f69fd6b70,2,0
1f0d4589-31e0-11e6-804e-848f69fd6b70,3,1
1f0d4589-31e0-11e6-804e-848f69fd6b70,4,1
1f0d4589-31e0-11e6-804e-848f69fd6b70,5,1
1f0d4589-31e0-11e6-804e-848f69fd6b70,6,1
1f78b8bd-31df-11e6-804e-848f69fd6b70,1,1
1f78b8bd-31df-11e6-804e-848f69fd6b70,2,1
1f78b8bd-31df-11e6-804e-848f69fd6b70,3,1
1f78b8bd-31df-11e6-804e-848f69fd6b70,4,1
1f78b8bd-31df-11e6-804e-848f69fd6b70,5,1
1f78b8bd-31df-11e6-804e-848f69fd6b70,6,1
1fddf478-9db1-471b-847d-0c45fcbb2b35,1,1
1fddf478-9db1-471b-847d-0c45fcbb2b35,2,1
1fddf478-9db1-471b-847d-0c45fcbb2b35,3,1
1fddf478-9db1-471b-847d-0c45fcbb2b35,4,1
1fddf478-9db1-471b-847d-0c45fcbb2b35,5,1
1fddf478-9db1-471b-847d-0c45fcbb2b35,6,1
1ff3bcbd-31df-11e6-804e-848f69fd6b70,1,1
1ff3bcbd-31df-11e6-804e-848f69fd6b70,2,1
1ff3bcbd-31df-11e6-804e-848f69fd6b70,3,1
1ff3bcbd-31df-11e6-804e-848f69fd6b70,4,1
1ff3bcbd-31df-11e6-804e-848f69fd6b70,5,1
1ff3bcbd-31df-11e6-804e-848f69fd6b70,6,1
20b95e1d-31e1-11e6-804e-848f69fd6b70,1,1
20b95e1d-31e1-11e6-804e-848f69fd6b70,2,1
20b95e1d-31e1-11e6-804e-848f69fd6b70,3,1
20b95e1d-31e1-11e6-804e-848f69fd6b70,4,1
20b95e1d-31e1-11e6-804e-848f69fd6b70,5,1
20b95e1d-31e1-11e6-804e-848f69fd6b70,6,1
2103d541-31e3-11e6-804e-848f69fd6b70,1,1
2103d541-31e3-11e6-804e-848f69fd6b70,2,1
2103d541-31e3-11e6-804e-848f69fd6b70,3,1
2103d541-31e3-11e6-804e-848f69fd6b70,4,1
2103d541-31e3-11e6-804e-848f69fd6b70,5,1
2103d541-31e3-11e6-804e-848f69fd6b70,6,1
214b4078-31e2-11e6-804e-848f69fd6b70,1,0
214b4078-31e2-11e6-804e-848f69fd6b70,2,0
214b4078-31e2-11e6-804e-848f69fd6b70,3,1
214b4078-31e2-11e6-804e-848f69fd6b70,4,1
214b4078-31e2-11e6-804e-848f69fd6b70,5,1
214b4078-31e2-11e6-804e-848f69fd6b70,6,1
219b0051-31df-11e6-804e-848f69fd6b70,1,1
219b0051-31df-11e6-804e-848f69fd6b70,2,1
219b0051-31df-11e6-804e-848f69fd6b70,3,1
219b0051-31df-11e6-804e-848f69fd6b70,4,1
219b0051-31df-11e6-804e-848f69fd6b70,5,1
219b0051-31df-11e6-804e-848f69fd6b70,6,1
2250ed2b-31e1-11e6-804e-848f69fd6b70,1,1
2250ed2b-31e1-11e6-804e-848f69fd6b70,2,1
2250ed2b-31e1-11e6-804e-848f69fd6b70,3,1
2250ed2b-31e1-11e6-804e-848f69fd6b70,4,1
2250ed2b-31e1-11e6-804e-848f69fd6b70,5,1
2250ed2b-31e1-11e6-804e-848f69fd6b70,6,1
245a3867-31e1-11e6-804e-848f69fd6b70,1,1
245a3867-31e1-11e6-804e-848f69fd6b70,2,1
245a3867-31e1-11e6-804e-848f69fd6b70,3,1
245a3867-31e1-11e6-804e-848f69fd6b70,4,1
245a3867-31e1-11e6-804e-848f69fd6b70,5,1
245a3867-31e1-11e6-804e-848f69fd6b70,6,1
24b3d9ff-31df-11e6-804e-848f69fd6b70,1,1
24b3d9ff-31df-11e6-804e-848f69fd6b70,2,1
24b3d9ff-31df-11e6-804e-848f69fd6b70,3,1
24b3d9ff-31df-11e6-804e-848f69fd6b70,4,1
24b3d9ff-31df-11e6-804e-848f69fd6b70,5,1
24b3d9ff-31df-11e6-804e-848f69fd6b70,6,1
24d311d2-31e2-11e6-804e-848f69fd6b70,1,1
24d311d2-31e2-11e6-804e-848f69fd6b70,2,1
24d311d2-31e2-11e6-804e-848f69fd6b70,3,1
24d311d2-31e2-11e6-804e-848f69fd6b70,4,1
24d311d2-31e2-11e6-804e-848f69fd6b70,5,1
24d311d2-31e2-11e6-804e-848f69fd6b70,6,1
25e8778f-31e1-11e6-804e-848f69fd6b70,1,1
25e8778f-31e1-11e6-804e-848f69fd6b70,2,1
25e8778f-31e1-11e6-804e-848f69fd6b70,3,1
25e8778f-31e1-11e6-804e-848f69fd6b70,4,1
25e8778f-31e1-11e6-804e-848f69fd6b70,5,1
25e8778f-31e1-11e6-804e-848f69fd6b70,6,1
25f6200f-31e3-11e6-804e-848f69fd6b70,1,1
25f6200f-31e3-11e6-804e-848f69fd6b70,2,1
25f6200f-31e3-11e6-804e-848f69fd6b70,3,1
25f6200f-31e3-11e6-804e-848f69fd6b70,4,1
25f6200f-31e3-11e6-804e-848f69fd6b70,5,1
25f6200f-31e3-11e6-804e-848f69fd6b70,6,1
263007d9-31e1-11e6-804e-848f69fd6b70,1,1
263007d9-31e1-11e6-804e-848f69fd6b70,2,1
263007d9-31e1-11e6-804e-848f69fd6b70,3,1
263007d9-31e1-11e6-804e-848f69fd6b70,4,1
263007d9-31e1-11e6-804e-848f69fd6b70,5,1
263007d9-31e1-11e6-804e-848f69fd6b70,6,1
26a85c2a-31e1-11e6-804e-848f69fd6b70,1,1
26a85c2a-31e1-11e6-804e-848f69fd6b70,2,1
26a85c2a-31e1-11e6-804e-848f69fd6b70,3,1
26a85c2a-31e1-11e6-804e-848f69fd6b70,4,1
26a85c2a-31e1-11e6-804e-848f69fd6b70,5,1
26a85c2a-31e1-11e6-804e-848f69fd6b70,6,1
27cc4877-31e1-11e6-804e-848f69fd6b70,1,1
27cc4877-31e1-11e6-804e-848f69fd6b70,2,1
27cc4877-31e1-11e6-804e-848f69fd6b70,3,1
27cc4877-31e1-11e6-804e-848f69fd6b70,4,1
27cc4877-31e1-11e6-804e-848f69fd6b70,5,1
27cc4877-31e1-11e6-804e-848f69fd6b70,6,1
2970041d-31e2-11e6-804e-848f69fd6b70,1,0
2970041d-31e2-11e6-804e-848f69fd6b70,2,0
2970041d-31e2-11e6-804e-848f69fd6b70,3,1
2970041d-31e2-11e6-804e-848f69fd6b70,4,1
2970041d-31e2-11e6-804e-848f69fd6b70,5,1
2970041d-31e2-11e6-804e-848f69fd6b70,6,0
29c299fd-31e2-11e6-804e-848f69fd6b70,1,1
29c299fd-31e2-11e6-804e-848f69fd6b70,2,1
29c299fd-31e2-11e6-804e-848f69fd6b70,3,1
29c299fd-31e2-11e6-804e-848f69fd6b70,4,1
29c299fd-31e2-11e6-804e-848f69fd6b70,5,1
29c299fd-31e2-11e6-804e-848f69fd6b70,6,1
2a4a752a-31e2-11e6-804e-848f69fd6b70,1,0
2a4a752a-31e2-11e6-804e-848f69fd6b70,2,0
2a4a752a-31e2-11e6-804e-848f69fd6b70,3,1
2a4a752a-31e2-11e6-804e-848f69fd6b70,4,1
2a4a752a-31e2-11e6-804e-848f69fd6b70,5,1
2a4a752a-31e2-11e6-804e-848f69fd6b70,6,1
2a820986-31e1-11e6-804e-848f69fd6b70,1,1
2a820986-31e1-11e6-804e-848f69fd6b70,2,1
2a820986-31e1-11e6-804e-848f69fd6b70,3,1
2a820986-31e1-11e6-804e-848f69fd6b70,4,1
2a820986-31e1-11e6-804e-848f69fd6b70,5,1
2a820986-31e1-11e6-804e-848f69fd6b70,6,1
2a8e606a-31e2-11e6-804e-848f69fd6b70,1,0
2a8e606a-31e2-11e6-804e-848f69fd6b70,2,0
2a8e606a-31e2-11e6-804e-848f69fd6b70,3,1
2a8e606a-31e2-11e6-804e-848f69fd6b70,4,1
2a8e606a-31e2-11e6-804e-848f69fd6b70,5,1
2a8e606a-31e2-11e6-804e-848f69fd6b70,6,1
2ab2b202-31e3-11e6-804e-848f69fd6b70,1,1
2ab2b202-31e3-11e6-804e-848f69fd6b70,2,1
2ab2b202-31e3-11e6-804e-848f69fd6b70,3,1
2ab2b202-31e3-11e6-804e-848f69fd6b70,4,1
2ab2b202-31e3-11e6-804e-848f69fd6b70,5,1
2ab2b202-31e3-11e6-804e-848f69fd6b70,6,1
2b5c73ac-31e2-11e6-804e-848f69fd6b70,1,1
2b5c73ac-31e2-11e6-804e-848f69fd6b70,2,1
2b5c73ac-31e2-11e6-804e-848f69fd6b70,3,1
2b5c73ac-31e2-11e6-804e-848f69fd6b70,4,1
2b5c73ac-31e2-11e6-804e-848f69fd6b70,5,1
2b5c73ac-31e2-11e6-804e-848f69fd6b70,6,1
2bfc7854-31e2-11e6-804e-848f69fd6b70,1,1
2bfc7854-31e2-11e6-804e-848f69fd6b70,2,1
2bfc7854-31e2-11e6-804e-848f69fd6b70,3,1
2bfc7854-31e2-11e6-804e-848f69fd6b70,4,1
2bfc7854-31e2-11e6-804e-848f69fd6b70,5,1
2bfc7854-31e2-11e6-804e-848f69fd6b70,6,1
2c8a5375-31e2-11e6-804e-848f69fd6b70,1,0
2c8a5375-31e2-11e6-804e-848f69fd6b70,2,1
2c8a5375-31e2-11e6-804e-848f69fd6b70,3,1
2c8a5375-31e2-11e6-804e-848f69fd6b70,4,1
2c8a5375-31e2-11e6-804e-848f69fd6b70,5,1
2c8a5375-31e2-11e6-804e-848f69fd6b70,6,1
2e6a3a40-31e2-11e6-804e-848f69fd6b70,1,1
2e6a3a40-31e2-11e6-804e-848f69fd6b70,2,1
2e6a3a40-31e2-11e6-804e-848f69fd6b70,3,1
2e6a3a40-31e2-11e6-804e-848f69fd6b70,4,1
2e6a3a40-31e2-11e6-804e-848f69fd6b70,5,1
2e6a3a40-31e2-11e6-804e-848f69fd6b70,6,1
2f59071a-31df-11e6-804e-848f69fd6b70,1,1
2f59071a-31df-11e6-804e-848f69fd6b70,2,1
2f59071a-31df-11e6-804e-848f69fd6b70,3,1
2f59071a-31df-11e6-804e-848f69fd6b70,4,1
2f59071a-31df-11e6-804e-848f69fd6b70,5,1
2f59071a-31df-11e6-804e-848f69fd6b70,6,1
2ff504bf-31e2-11e6-804e-848f69fd6b70,1,0
2ff504bf-31e2-11e6-804e-848f69fd6b70,2,1
2ff504bf-31e2-11e6-804e-848f69fd6b70,3,1
2ff504bf-31e2-11e6-804e-848f69fd6b70,4,1
2ff504bf-31e2-11e6-804e-848f69fd6b70,5,1
2ff504bf-31e2-11e6-804e-848f69fd6b70,6,1
30c81c22-31e2-11e6-804e-848f69fd6b70,1,1
30c81c22-31e2-11e6-804e-848f69fd6b70,2,1
30c81c22-31e2-11e6-804e-848f69fd6b70,3,1
30c81c22-31e2-11e6-804e-848f69fd6b70,4,1
30c81c22-31e2-11e6-804e-848f69fd6b70,5,1
30c81c22-31e2-11e6-804e-848f69fd6b70,6,1
3106e415-31e2-11e6-804e-848f69fd6b70,1,1
3106e415-31e2-11e6-804e-848f69fd6b70,2,1
3106e415-31e2-11e6-804e-848f69fd6b70,3,1
3106e415-31e2-11e6-804e-848f69fd6b70,4,1
3106e415-31e2-11e6-804e-848f69fd6b70,5,1
3106e415-31e2-11e6-804e-848f69fd6b70,6,1
317ec154-31e0-11e6-804e-848f69fd6b70,1,1
317ec154-31e0-11e6-804e-848f69fd6b70,2,1
317ec154-31e0-11e6-804e-848f69fd6b70,3,1
317ec154-31e0-11e6-804e-848f69fd6b70,4,1
317ec154-31e0-11e6-804e-848f69fd6b70,5,1
317ec154-31e0-11e6-804e-848f69fd6b70,6,1
319200b0-31df-11e6-804e-848f69fd6b70,1,1
319200b0-31df-11e6-804e-848f69fd6b70,2,1
319200b0-31df-11e6-804e-848f69fd6b70,3,1
319200b0-31df-11e6-804e-848f69fd6b70,4,1
319200b0-31df-11e6-804e-848f69fd6b70,5,1
319200b0-31df-11e6-804e-848f69fd6b70,6,1
32e97328-31e1-11e6-804e-848f69fd6b70,1,1
32e97328-31e1-11e6-804e-848f69fd6b70,2,1
32e97328-31e1-11e6-804e-848f69fd6b70,3,1
32e97328-31e1-11e6-804e-848f69fd6b70,4,1
32e97328-31e1-11e6-804e-848f69fd6b70,5,1
32e97328-31e1-11e6-804e-848f69fd6b70,6,1
33be6292-31e1-11e6-804e-848f69fd6b70,1,1
33be6292-31e1-11e6-804e-848f69fd6b70,2,1
33be6292-31e1-11e6-804e-848f69fd6b70,3,1
33be6292-31e1-11e6-804e-848f69fd6b70,4,1
33be6292-31e1-11e6-804e-848f69fd6b70,5,1
33be6292-31e1-11e6-804e-848f69fd6b70,6,1
34384796-31df-11e6-804e-848f69fd6b70,1,1
34384796-31df-11e6-804e-848f69fd6b70,2,1
34384796-31df-11e6-804e-848f69fd6b70,3,1
34384796-31df-11e6-804e-848f69fd6b70,4,1
34384796-31df-11e6-804e-848f69fd6b70,5,1
34384796-31df-11e6-804e-848f69fd6b70,6,1
37060,1,1
37060,2,0
37060,3,1
37060,4,1
37060,5,1
37060,6,0
37061,1,0
37061,2,0
37061,3,1
37061,4,1
37061,5,1
37061,6,0
37062,1,0
37062,2,0
37062,3,1
37062,4,1
37062,5,1
37062,6,0
37065,1,0
37065,2,0
37065,3,1
37065,4,1
37065,5,1
37065,6,0
37066,1,0
37066,2,0
37066,3,1
37066,4,1
37066,5,1
37066,6,0
37171,1,0
37171,2,1
37171,3,1
37171,4,1
37171,5,1
37171,6,1
37176,1,1
37176,2,1
37176,3,1
37176,4,1
37176,5,1
37176,6,1
37177,1,1
37177,2,1
37177,3,0
37177,4,0
37177,5,0
37177,6,0
37186,1,1
37186,2,1
37186,3,1
37186,4,1
37186,5,1
37186,6,1
37187,1,1
37187,2,1
37187,3,1
37187,4,1
37187,5,1
37187,6,1
37197,1,1
37197,2,1
37197,3,1
37197,4,1
37197,5,1
37197,6,1
37200,1,1
37200,2,1
37200,3,0
37200,4,0
37200,5,0
37200,6,0
37249,1,1
37249,2,0
37249,3,0
37249,4,0
37249,5,0
37249,6,0
37252,1,1
37252,2,0
37252,3,0
37252,4,0
37252,5,0
37252,6,0
37279,1,1
37279,2,0
37279,3,0
37279,4,0
37279,5,0
37279,6,0
37384,1,1
37384,2,1
37384,3,1
37384,4,1
37384,5,1
37384,6,1
37637,1,1
37637,2,1
37637,3,1
37637,4,1
37637,5,1
37637,6,1
37891,1,1
37891,2,1
37891,3,1
37891,4,1
37891,5,1
37891,6,1
37940,1,1
37940,2,1
37940,3,1
37940,4,0
37940,5,0
37940,6,0
37956802-31e1-11e6-804e-848f69fd6b70,1,1
37956802-31e1-11e6-804e-848f69fd6b70,2,1
37956802-31e1-11e6-804e-848f69fd6b70,3,1
37956802-31e1-11e6-804e-848f69fd6b70,4,1
37956802-31e1-11e6-804e-848f69fd6b70,5,1
37956802-31e1-11e6-804e-848f69fd6b70,6,1
37988,1,0
37988,2,0
37988,3,0
37988,4,0
37988,5,1
37988,6,1
37d5336c-31e2-11e6-804e-848f69fd6b70,1,0
37d5336c-31e2-11e6-804e-848f69fd6b70,2,1
37d5336c-31e2-11e6-804e-848f69fd6b70,3,1
37d5336c-31e2-11e6-804e-848f69fd6b70,4,1
37d5336c-31e2-11e6-804e-848f69fd6b70,5,1
37d5336c-31e2-11e6-804e-848f69fd6b70,6,1
38036,1,1
38036,2,1
38036,3,1
38036,4,1
38036,5,1
38036,6,0
38040,1,0
38040,2,0
38040,3,1
38040,4,1
38040,5,1
38040,6,1
38045,1,1
38045,2,1
38045,3,1
38045,4,1
38045,5,1
38045,6,0
38049,1,1
38049,2,1
38049,3,1
38049,4,1
38049,5,1
38049,6,1
38070,1,0
38070,2,1
38070,3,1
38070,4,1
38070,5,1
38070,6,1
38123,1,1
38123,2,1
38123,3,1
38123,4,1
38123,5,1
38123,6,1
38158,1,1
38158,2,1
38158,3,1
38158,4,1
38158,5,1
38158,6,1
38248,1,0
38248,2,0
38248,3,1
38248,4,1
38248,5,1
38248,6,1
38311,1,1
38311,2,1
38311,3,1
38311,4,1
38311,5,1
38311,6,1
38335,1,0
38335,2,0
38335,3,1
38335,4,1
38335,5,1
38335,6,0
38345,1,0
38345,2,0
38345,3,1
38345,4,1
38345,5,1
38345,6,1
38351,1,0
38351,2,1
38351,3,1
38351,4,1
38351,5,1
38351,6,1
38356,1,0
38356,2,0
38356,3,0
38356,4,1
38356,5,1
38356,6,1
38360,1,0
38360,2,0
38360,3,0
38360,4,1
38360,5,1
38360,6,1
38370,1,0
38370,2,0
38370,3,1
38370,4,1
38370,5,1
38370,6,1
38371,1,0
38371,2,0
38371,3,1
38371,4,1
38371,5,1
38371,6,1
38422,1,1
38422,2,1
38422,3,1
38422,4,1
38422,5,1
38422,6,1
38433,1,1
38433,2,1
38433,3,1
38433,4,1
38433,5,1
38433,6,1
38434,1,1
38434,2,1
38434,3,1
38434,4,1
38434,5,1
38434,6,1
38443,1,1
38443,2,1
38443,3,1
38443,4,1
38443,5,1
38443,6,1
38444,1,1
38444,2,1
38444,3,1
38444,4,1
38444,5,1
38444,6,1
38526,1,1
38526,2,1
38526,3,1
38526,4,1
38526,5,1
38526,6,1
38543ab5-31e1-11e6-804e-848f69fd6b70,1,1
38543ab5-31e1-11e6-804e-848f69fd6b70,2,1
38543ab5-31e1-11e6-804e-848f69fd6b70,3,1
38543ab5-31e1-11e6-804e-848f69fd6b70,4,1
38543ab5-31e1-11e6-804e-848f69fd6b70,5,1
38543ab5-31e1-11e6-804e-848f69fd6b70,6,1
38563,1,1
38563,2,1
38563,3,1
38563,4,1
38563,5,1
38563,6,1
38570,1,1
38570,2,1
38570,3,1
38570,4,1
38570,5,1
38570,6,1
38571,1,1
38571,2,1
38571,3,1
38571,4,1
38571,5,1
38571,6,1
38594,1,1
38594,2,1
38594,3,1
38594,4,1
38594,5,1
38594,6,1
38613,1,1
38613,2,1
38613,3,1
38613,4,1
38613,5,1
38613,6,1
38622,1,1
38622,2,1
38622,3,1
38622,4,1
38622,5,1
38622,6,1
38704,1,1
38704,2,1
38704,3,1
38704,4,1
38704,5,1
38704,6,1
38726,1,1
38726,2,1
38726,3,1
38726,4,1
38726,5,1
38726,6,1
38737,1,1
38737,2,1
38737,3,1
38737,4,1
38737,5,1
38737,6,1
38789,1,1
38789,2,1
38789,3,1
38789,4,1
38789,5,1
38789,6,1
38803,1,1
38803,2,1
38803,3,1
38803,4,1
38803,5,1
38803,6,1
38833,1,0
38833,2,0
38833,3,1
38833,4,1
38833,5,1
38833,6,1
38838,1,1
38838,2,1
38838,3,1
38838,4,1
38838,5,1
38838,6,1
38839,1,1
38839,2,1
38839,3,1
38839,4,1
38839,5,1
38839,6,1
38841,1,1
38841,2,1
38841,3,1
38841,4,1
38841,5,1
38841,6,1
38852,1,1
38852,2,1
38852,3,1
38852,4,1
38852,5,1
38852,6,1
38892,1,1
38892,2,1
38892,3,1
38892,4,1
38892,5,1
38892,6,1
38904,1,0
38904,2,1
38904,3,1
38904,4,1
38904,5,1
38904,6,1
38922,1,0
38922,2,0
38922,3,1
38922,4,1
38922,5,1
38922,6,1
38923,1,1
38923,2,1
38923,3,1
38923,4,1
38923,5,1
38923,6,1
38927,1,1
38927,2,1
38927,3,1
38927,4,1
38927,5,0
38927,6,0
38931,1,0
38931,2,0
38931,3,1
38931,4,1
38931,5,1
38931,6,0
38935,1,1
38935,2,1
38935,3,1
38935,4,1
38935,5,1
38935,6,1
38948,1,1
38948,2,1
38948,3,1
38948,4,1
38948,5,1
38948,6,1
38949,1,1
38949,2,1
38949,3,1
38949,4,1
38949,5,1
38949,6,1
38950,1,1
38950,2,1
38950,3,1
38950,4,1
38950,5,1
38950,6,1
38966,1,1
38966,2,1
38966,3,0
38966,4,0
38966,5,0
38966,6,0
38980,1,1
38980,2,1
38980,3,0
38980,4,0
38980,5,0
38980,6,0
38985,1,1
38985,2,1
38985,3,0
38985,4,0
38985,5,0
38985,6,0
39029,1,1
39029,2,1
39029,3,1
39029,4,1
39029,5,1
39029,6,1
39030,1,1
39030,2,1
39030,3,1
39030,4,1
39030,5,1
39030,6,1
39092,1,1
39092,2,1
39092,3,1
39092,4,1
39092,5,1
39092,6,1
39099,1,1
39099,2,1
39099,3,1
39099,4,1
39099,5,1
39099,6,1
39120,1,1
39120,2,1
39120,3,1
39120,4,1
39120,5,1
39120,6,1
39142,1,1
39142,2,1
39142,3,1
39142,4,1
39142,5,1
39142,6,1
39143,1,1
39143,2,1
39143,3,1
39143,4,1
39143,5,1
39143,6,1
39146,1,0
39146,2,0
39146,3,1
39146,4,1
39146,5,1
39146,6,1
39168,1,0
39168,2,0
39168,3,1
39168,4,1
39168,5,1
39168,6,1
39171,1,1
39171,2,1
39171,3,1
39171,4,1
39171,5,1
39171,6,1
39199,1,0
39199,2,1
39199,3,1
39199,4,1
39199,5,1
39199,6,1
39208,1,0
39208,2,0
39208,3,1
39208,4,1
39208,5,1
39208,6,1
39209,1,1
39209,2,1
39209,3,1
39209,4,1
39209,5,1
39209,6,1
39210,1,1
39210,2,1
39210,3,1
39210,4,1
39210,5,1
39210,6,1
39250,1,1
39250,2,1
39250,3,1
39250,4,1
39250,5,1
39250,6,1
39263,1,1
39263,2,1
39263,3,1
39263,4,1
39263,5,1
39263,6,1
39324,1,1
39324,2,1
39324,3,1
39324,4,1
39324,5,1
39324,6,1
39333,1,1
39333,2,1
39333,3,1
39333,4,1
39333,5,1
39333,6,1
39399,1,1
39399,2,1
39399,3,1
39399,4,1
39399,5,1
39399,6,1
39485,1,1
39485,2,1
39485,3,1
39485,4,1
39485,5,1
39485,6,1
39488,1,1
39488,2,1
39488,3,1
39488,4,1
39488,5,1
39488,6,1
39583,1,1
39583,2,1
39583,3,1
39583,4,1
39583,5,1
39583,6,1
39586,1,1
39586,2,1
39586,3,0
39586,4,0
39586,5,0
39586,6,0
39604,1,1
39604,2,1
39604,3,1
39604,4,1
39604,5,1
39604,6,1
39619,1,0
39619,2,0
39619,3,1
39619,4,1
39619,5,1
39619,6,1
39626,1,0
39626,2,0
39626,3,0
39626,4,1
39626,5,1
39626,6,1
39635,1,1
39635,2,1
39635,3,1
39635,4,1
39635,5,1
39635,6,1
39643,1,1
39643,2,1
39643,3,1
39643,4,1
39643,5,1
39643,6,1
39644,1,1
39644,2,1
39644,3,1
39644,4,1
39644,5,1
39644,6,1
39646,1,1
39646,2,1
39646,3,1
39646,4,1
39646,5,1
39646,6,1
39650,1,1
39650,2,1
39650,3,1
39650,4,1
39650,5,1
39650,6,1
39657,1,1
39657,2,1
39657,3,1
39657,4,1
39657,5,1
39657,6,1
39662,1,1
39662,2,1
39662,3,1
39662,4,1
39662,5,1
39662,6,1
39681,1,1
39681,2,1
39681,3,1
39681,4,1
39681,5,1
39681,6,1
39695,1,0
39695,2,0
39695,3,0
39695,4,1
39695,5,1
39695,6,1
39702,1,0
39702,2,0
39702,3,1
39702,4,1
39702,5,1
39702,6,1
39703,1,0
39703,2,1
39703,3,1
39703,4,1
39703,5,1
39703,6,1
39704,1,0
39704,2,0
39704,3,1
39704,4,1
39704,5,1
39704,6,1
39719,1,1
39719,2,1
39719,3,1
39719,4,1
39719,5,1
39719,6,1
39724,1,1
39724,2,1
39724,3,1
39724,4,1
39724,5,1
39724,6,1
39726,1,1
39726,2,1
39726,3,1
39726,4,1
39726,5,1
39726,6,1
39771,1,1
39771,2,1
39771,3,1
39771,4,1
39771,5,1
39771,6,1
39772,1,1
39772,2,1
39772,3,1
39772,4,1
39772,5,1
39772,6,1
39788,1,1
39788,2,1
39788,3,1
39788,4,1
39788,5,1
39788,6,1
39825,1,1
39825,2,1
39825,3,1
39825,4,1
39825,5,1
39825,6,1
39842,1,1
39842,2,1
39842,3,1
39842,4,1
39842,5,1
39842,6,1
39844,1,1
39844,2,1
39844,3,1
39844,4,1
39844,5,1
39844,6,1
39854,1,1
39854,2,1
39854,3,1
39854,4,1
39854,5,1
39854,6,1
39860,1,1
39860,2,1
39860,3,0
39860,4,0
39860,5,0
39860,6,0
39866,1,1
39866,2,1
39866,3,1
39866,4,1
39866,5,1
39866,6,1
39902,1,1
39902,2,1
39902,3,1
39902,4,1
39902,5,1
39902,6,1
39964,1,1
39964,2,1
39964,3,1
39964,4,1
39964,5,1
39964,6,1
3a8deb0f-31e1-11e6-804e-848f69fd6b70,1,1
3a8deb0f-31e1-11e6-804e-848f69fd6b70,2,1
3a8deb0f-31e1-11e6-804e-848f69fd6b70,3,1
3a8deb0f-31e1-11e6-804e-848f69fd6b70,4,1
3a8deb0f-31e1-11e6-804e-848f69fd6b70,5,1
3a8deb0f-31e1-11e6-804e-848f69fd6b70,6,1
3be7c8f6-31e2-11e6-804e-848f69fd6b70,1,0
3be7c8f6-31e2-11e6-804e-848f69fd6b70,2,0
3be7c8f6-31e2-11e6-804e-848f69fd6b70,3,1
3be7c8f6-31e2-11e6-804e-848f69fd6b70,4,1
3be7c8f6-31e2-11e6-804e-848f69fd6b70,5,1
3be7c8f6-31e2-11e6-804e-848f69fd6b70,6,1
3c4f1aac-31e0-11e6-804e-848f69fd6b70,1,1
3c4f1aac-31e0-11e6-804e-848f69fd6b70,2,1
3c4f1aac-31e0-11e6-804e-848f69fd6b70,3,1
3c4f1aac-31e0-11e6-804e-848f69fd6b70,4,1
3c4f1aac-31e0-11e6-804e-848f69fd6b70,5,1
3c4f1aac-31e0-11e6-804e-848f69fd6b70,6,1
3db7f086-31df-11e6-804e-848f69fd6b70,1,1
3db7f086-31df-11e6-804e-848f69fd6b70,2,1
3db7f086-31df-11e6-804e-848f69fd6b70,3,1
3db7f086-31df-11e6-804e-848f69fd6b70,4,1
3db7f086-31df-11e6-804e-848f69fd6b70,5,1
3db7f086-31df-11e6-804e-848f69fd6b70,6,1
40028,1,1
40028,2,1
40028,3,1
40028,4,1
40028,5,1
40028,6,1
40032,1,1
40032,2,1
40032,3,1
40032,4,1
40032,5,1
40032,6,1
40115,1,1
40115,2,1
40115,3,1
40115,4,1
40115,5,1
40115,6,1
40140,1,1
40140,2,1
40140,3,1
40140,4,1
40140,5,1
40140,6,1
40153,1,0
40153,2,0
40153,3,0
40153,4,0
40153,5,1
40153,6,1
40160,1,1
40160,2,1
40160,3,1
40160,4,1
40160,5,1
40160,6,0
40167,1,1
40167,2,1
40167,3,1
40167,4,1
40167,5,1
40167,6,1
40248,1,1
40248,2,1
40248,3,1
40248,4,1
40248,5,1
40248,6,1
40285,1,1
40285,2,1
40285,3,1
40285,4,1
40285,5,1
40285,6,1
40288,1,1
40288,2,1
40288,3,1
40288,4,1
40288,5,1
40288,6,1
40355,1,1
40355,2,1
40355,3,1
40355,4,1
40355,5,1
40355,6,1
40603,1,1
40603,2,1
40603,3,1
40603,4,1
40603,5,1
40603,6,1
40604,1,1
40604,2,1
40604,3,1
40604,4,1
40604,5,1
40604,6,1
40605,1,1
40605,2,1
40605,3,1
40605,4,1
40605,5,1
40605,6,1
40607,1,1
40607,2,1
40607,3,1
40607,4,1
40607,5,1
40607,6,1
40663,1,1
40663,2,1
40663,3,1
40663,4,1
40663,5,1
40663,6,1
40679,1,1
40679,2,1
40679,3,1
40679,4,1
40679,5,1
40679,6,1
40696,1,1
40696,2,1
40696,3,1
40696,4,1
40696,5,1
40696,6,1
40763,1,0
40763,2,0
40763,3,1
40763,4,1
40763,5,1
40763,6,1
40769,1,1
40769,2,1
40769,3,1
40769,4,1
40769,5,1
40769,6,1
40785,1,1
40785,2,1
40785,3,1
40785,4,1
40785,5,1
40785,6,1
40788,1,1
40788,2,1
40788,3,0
40788,4,0
40788,5,0
40788,6,0
40841,1,1
40841,2,1
40841,3,1
40841,4,1
40841,5,1
40841,6,1
40843,1,1
40843,2,1
40843,3,1
40843,4,1
40843,5,1
40843,6,1
40844,1,0
40844,2,0
40844,3,1
40844,4,1
40844,5,0
40844,6,0
40854,1,0
40854,2,0
40854,3,1
40854,4,1
40854,5,1
40854,6,1
40859,1,1
40859,2,1
40859,3,1
40859,4,1
40859,5,1
40859,6,1
40860,1,1
40860,2,1
40860,3,1
40860,4,1
40860,5,1
40860,6,1
40882,1,1
40882,2,1
40882,3,1
40882,4,1
40882,5,1
40882,6,1
40886,1,0
40886,2,0
40886,3,0
40886,4,1
40886,5,1
40886,6,1
40941,1,1
40941,2,1
40941,3,1
40941,4,1
40941,5,1
40941,6,1
40972,1,1
40972,2,1
40972,3,1
40972,4,1
40972,5,1
40972,6,1
41010,1,0
41010,2,0
41010,3,1
41010,4,1
41010,5,0
41010,6,0
41023,1,0
41023,2,0
41023,3,1
41023,4,1
41023,5,1
41023,6,1
41060,1,1
41060,2,1
41060,3,1
41060,4,1
41060,5,1
41060,6,1
41072,1,1
41072,2,1
41072,3,1
41072,4,1
41072,5,1
41072,6,1
41073,1,1
41073,2,1
41073,3,1
41073,4,1
41073,5,1
41073,6,1
41165,1,1
41165,2,1
41165,3,1
41165,4,1
41165,5,1
41165,6,1
41178,1,0
41178,2,0
41178,3,0
41178,4,1
41178,5,1
41178,6,1
41180,1,1
41180,2,1
41180,3,1
41180,4,1
41180,5,1
41180,6,1
41182,1,1
41182,2,1
41182,3,1
41182,4,1
41182,5,1
41182,6,0
41187,1,0
41187,2,0
41187,3,0
41187,4,0
41187,5,1
41187,6,1
41190,1,0
41190,2,0
41190,3,0
41190,4,1
41190,5,1
41190,6,1
41197,1,1
41197,2,1
41197,3,1
41197,4,1
41197,5,1
41197,6,1
41213,1,1
41213,2,1
41213,3,1
41213,4,1
41213,5,0
41213,6,0
41218,1,1
41218,2,1
41218,3,0
41218,4,0
41218,5,0
41218,6,0
41225,1,1
41225,2,1
41225,3,1
41225,4,1
41225,5,1
41225,6,1
41227,1,1
41227,2,1
41227,3,0
41227,4,0
41227,5,0
41227,6,0
41229,1,1
41229,2,1
41229,3,1
41229,4,1
41229,5,1
41229,6,1
41230,1,1
41230,2,1
41230,3,1
41230,4,1
41230,5,1
41230,6,1
41255,1,1
41255,2,1
41255,3,0
41255,4,0
41255,5,0
41255,6,0
41266,1,1
41266,2,1
41266,3,1
41266,4,1
41266,5,1
41266,6,1
41306,1,1
41306,2,1
41306,3,1
41306,4,1
41306,5,1
41306,6,1
41312,1,1
41312,2,1
41312,3,1
41312,4,1
41312,5,1
41312,6,1
41313,1,1
41313,2,1
41313,3,1
41313,4,1
41313,5,1
41313,6,1
41323,1,0
41323,2,0
41323,3,0
41323,4,1
41323,5,1
41323,6,1
41324,1,1
41324,2,1
41324,3,1
41324,4,1
41324,5,1
41324,6,1
41336,1,0
41336,2,0
41336,3,1
41336,4,1
41336,5,1
41336,6,1
41375,1,1
41375,2,1
41375,3,1
41375,4,1
41375,5,1
41375,6,1
41376,1,1
41376,2,1
41376,3,1
41376,4,1
41376,5,1
41376,6,1
41378,1,1
41378,2,1
41378,3,1
41378,4,1
41378,5,1
41378,6,1
41393,1,1
41393,2,1
41393,3,1
41393,4,1
41393,5,1
41393,6,1
41397,1,1
41397,2,1
41397,3,1
41397,4,1
41397,5,1
41397,6,1
41427,1,1
41427,2,1
41427,3,1
41427,4,1
41427,5,1
41427,6,1
41467,1,1
41467,2,1
41467,3,1
41467,4,1
41467,5,1
41467,6,1
41495,1,1
41495,2,1
41495,3,1
41495,4,1
41495,5,1
41495,6,1
41496,1,1
41496,2,1
41496,3,1
41496,4,1
41496,5,1
41496,6,1
41506,1,1
41506,2,1
41506,3,1
41506,4,1
41506,5,1
41506,6,1
41514,1,0
41514,2,0
41514,3,0
41514,4,1
41514,5,1
41514,6,1
41516,1,1
41516,2,1
41516,3,1
41516,4,1
41516,5,1
41516,6,1
41536,1,1
41536,2,1
41536,3,1
41536,4,1
41536,5,1
41536,6,1
41541,1,1
41541,2,1
41541,3,1
41541,4,1
41541,5,1
41541,6,1
41543,1,1
41543,2,1
41543,3,1
41543,4,1
41543,5,1
41543,6,1
41544,1,1
41544,2,1
41544,3,1
41544,4,1
41544,5,1
41544,6,1
41549,1,1
41549,2,1
41549,3,1
41549,4,1
41549,5,1
41549,6,1
41565,1,1
41565,2,1
41565,3,1
41565,4,1
41565,5,1
41565,6,1
41582,1,1
41582,2,1
41582,3,1
41582,4,1
41582,5,1
41582,6,1
41592,1,1
41592,2,1
41592,3,1
41592,4,1
41592,5,1
41592,6,1
41616,1,1
41616,2,1
41616,3,1
41616,4,1
41616,5,1
41616,6,1
41646,1,1
41646,2,1
41646,3,1
41646,4,1
41646,5,1
41646,6,1
41655,1,1
41655,2,1
41655,3,1
41655,4,1
41655,5,1
41655,6,1
41662,1,0
41662,2,0
41662,3,1
41662,4,1
41662,5,1
41662,6,1
41721,1,1
41721,2,1
41721,3,1
41721,4,1
41721,5,1
41721,6,1
41723,1,1
41723,2,1
41723,3,1
41723,4,1
41723,5,1
41723,6,1
41727,1,1
41727,2,1
41727,3,1
41727,4,1
41727,5,1
41727,6,1
41729,1,1
41729,2,1
41729,3,1
41729,4,1
41729,5,1
41729,6,1
41731,1,1
41731,2,1
41731,3,1
41731,4,1
41731,5,1
41731,6,1
41733,1,1
41733,2,1
41733,3,1
41733,4,1
41733,5,1
41733,6,1
41740,1,1
41740,2,1
41740,3,1
41740,4,1
41740,5,1
41740,6,1
41747,1,1
41747,2,1
41747,3,1
41747,4,1
41747,5,1
41747,6,1
41755,1,1
41755,2,1
41755,3,1
41755,4,1
41755,5,1
41755,6,1
41764,1,1
41764,2,1
41764,3,1
41764,4,1
41764,5,1
41764,6,1
41778,1,1
41778,2,1
41778,3,1
41778,4,1
41778,5,1
41778,6,1
41787,1,1
41787,2,1
41787,3,1
41787,4,1
41787,5,1
41787,6,1
41805,1,1
41805,2,1
41805,3,1
41805,4,1
41805,5,1
41805,6,1
41831,1,1
41831,2,1
41831,3,1
41831,4,1
41831,5,1
41831,6,1
41838,1,1
41838,2,1
41838,3,1
41838,4,1
41838,5,1
41838,6,1
41842,1,1
41842,2,1
41842,3,1
41842,4,1
41842,5,1
41842,6,1
41849,1,1
41849,2,1
41849,3,0
41849,4,0
41849,5,0
41849,6,0
41852,1,1
41852,2,1
41852,3,1
41852,4,1
41852,5,1
41852,6,1
41860,1,1
41860,2,1
41860,3,1
41860,4,1
41860,5,1
41860,6,1
41901,1,1
41901,2,1
41901,3,1
41901,4,1
41901,5,1
41901,6,1
41906,1,1
41906,2,1
41906,3,1
41906,4,1
41906,5,1
41906,6,1
41908,1,1
41908,2,1
41908,3,1
41908,4,1
41908,5,1
41908,6,1
41949,1,0
41949,2,0
41949,3,1
41949,4,1
41949,5,1
41949,6,1
41951,1,1
41951,2,1
41951,3,1
41951,4,1
41951,5,1
41951,6,1
41952,1,1
41952,2,1
41952,3,1
41952,4,1
41952,5,1
41952,6,1
41968,1,1
41968,2,1
41968,3,1
41968,4,1
41968,5,1
41968,6,1
41970,1,1
41970,2,1
41970,3,1
41970,4,1
41970,5,1
41970,6,1
41975,1,1
41975,2,1
41975,3,1
41975,4,1
41975,5,1
41975,6,1
41981,1,1
41981,2,1
41981,3,1
41981,4,1
41981,5,1
41981,6,1
41990,1,1
41990,2,1
41990,3,1
41990,4,1
41990,5,1
41990,6,1
42004,1,1
42004,2,1
42004,3,1
42004,4,1
42004,5,1
42004,6,1
42060,1,1
42060,2,1
42060,3,1
42060,4,1
42060,5,1
42060,6,1
42061,1,0
42061,2,0
42061,3,1
42061,4,1
42061,5,1
42061,6,1
42070,1,1
42070,2,1
42070,3,1
42070,4,1
42070,5,1
42070,6,1
42081,1,1
42081,2,1
42081,3,1
42081,4,1
42081,5,1
42081,6,1
42082,1,1
42082,2,1
42082,3,1
42082,4,1
42082,5,1
42082,6,1
42117,1,1
42117,2,1
42117,3,1
42117,4,1
42117,5,1
42117,6,1
42136,1,1
42136,2,1
42136,3,1
42136,4,1
42136,5,1
42136,6,1
42154,1,1
42154,2,1
42154,3,1
42154,4,1
42154,5,1
42154,6,1
42167,1,0
42167,2,0
42167,3,1
42167,4,1
42167,5,1
42167,6,1
42171,1,1
42171,2,1
42171,3,1
42171,4,1
42171,5,1
42171,6,1
42179,1,1
42179,2,1
42179,3,1
42179,4,1
42179,5,1
42179,6,1
42180,1,1
42180,2,1
42180,3,1
42180,4,1
42180,5,1
42180,6,1
42181,1,1
42181,2,1
42181,3,1
42181,4,1
42181,5,1
42181,6,1
42182,1,1
42182,2,1
42182,3,1
42182,4,1
42182,5,1
42182,6,1
42221,1,1
42221,2,1
42221,3,1
42221,4,1
42221,5,1
42221,6,1
42223,1,1
42223,2,1
42223,3,1
42223,4,1
42223,5,1
42223,6,1
42272,1,1
42272,2,1
42272,3,1
42272,4,1
42272,5,1
42272,6,1
42292,1,1
42292,2,1
42292,3,1
42292,4,1
42292,5,1
42292,6,1
42422,1,1
42422,2,1
42422,3,1
42422,4,1
42422,5,1
42422,6,1
4245d30e-31e2-11e6-804e-848f69fd6b70,1,1
4245d30e-31e2-11e6-804e-848f69fd6b70,2,1
4245d30e-31e2-11e6-804e-848f69fd6b70,3,1
4245d30e-31e2-11e6-804e-848f69fd6b70,4,1
4245d30e-31e2-11e6-804e-848f69fd6b70,5,1
4245d30e-31e2-11e6-804e-848f69fd6b70,6,1
42527,1,1
42527,2,1
42527,3,1
42527,4,1
42527,5,1
42527,6,1
42542,1,0
42542,2,0
42542,3,1
42542,4,1
42542,5,1
42542,6,1
42656,1,1
42656,2,1
42656,3,1
42656,4,1
42656,5,1
42656,6,1
42708,1,1
42708,2,1
42708,3,1
42708,4,1
42708,5,1
42708,6,1
42892,1,1
42892,2,1
42892,3,1
42892,4,1
42892,5,1
42892,6,1
42894,1,0
42894,2,0
42894,3,1
42894,4,1
42894,5,1
42894,6,1
43107,1,0
43107,2,0
43107,3,1
43107,4,1
43107,5,1
43107,6,0
43220,1,1
43220,2,1
43220,3,1
43220,4,1
43220,5,1
43220,6,1
43226,1,1
43226,2,1
43226,3,1
43226,4,1
43226,5,1
43226,6,1
43290,1,0
43290,2,0
43290,3,1
43290,4,1
43290,5,1
43290,6,0
43517,1,1
43517,2,1
43517,3,1
43517,4,1
43517,5,1
43517,6,1
43524,1,1
43524,2,1
43524,3,1
43524,4,1
43524,5,1
43524,6,1
43541,1,1
43541,2,1
43541,3,1
43541,4,1
43541,5,1
43541,6,1
43542,1,1
43542,2,1
43542,3,1
43542,4,1
43542,5,1
43542,6,1
43546,1,1
43546,2,1
43546,3,1
43546,4,1
43546,5,1
43546,6,1
43557,1,1
43557,2,1
43557,3,1
43557,4,1
43557,5,1
43557,6,1
43560,1,1
43560,2,1
43560,3,1
43560,4,0
43560,5,0
43560,6,0
43563,1,1
43563,2,1
43563,3,1
43563,4,1
43563,5,1
43563,6,1
43571,1,1
43571,2,1
43571,3,1
43571,4,1
43571,5,1
43571,6,1
435ae3ec-31e0-11e6-804e-848f69fd6b70,1,1
435ae3ec-31e0-11e6-804e-848f69fd6b70,2,1
435ae3ec-31e0-11e6-804e-848f69fd6b70,3,1
435ae3ec-31e0-11e6-804e-848f69fd6b70,4,1
435ae3ec-31e0-11e6-804e-848f69fd6b70,5,1
435ae3ec-31e0-11e6-804e-848f69fd6b70,6,1
43623240-31df-11e6-804e-848f69fd6b70,1,1
43623240-31df-11e6-804e-848f69fd6b70,2,1
43623240-31df-11e6-804e-848f69fd6b70,3,1
43623240-31df-11e6-804e-848f69fd6b70,4,1
43623240-31df-11e6-804e-848f69fd6b70,5,1
43623240-31df-11e6-804e-848f69fd6b70,6,1
43658,1,1
43658,2,1
43658,3,1
43658,4,1
43658,5,1
43658,6,1
43659,1,0
43659,2,1
43659,3,1
43659,4,1
43659,5,1
43659,6,1
43694,1,0
43694,2,1
43694,3,1
43694,4,1
43694,5,1
43694,6,1
43be1a7e-31e0-11e6-804e-848f69fd6b70,1,1
43be1a7e-31e0-11e6-804e-848f69fd6b70,2,1
43be1a7e-31e0-11e6-804e-848f69fd6b70,3,1
43be1a7e-31e0-11e6-804e-848f69fd6b70,4,1
43be1a7e-31e0-11e6-804e-848f69fd6b70,5,1
43be1a7e-31e0-11e6-804e-848f69fd6b70,6,1
43f073f5-31df-11e6-804e-848f69fd6b70,1,1
43f073f5-31df-11e6-804e-848f69fd6b70,2,1
43f073f5-31df-11e6-804e-848f69fd6b70,3,1
43f073f5-31df-11e6-804e-848f69fd6b70,4,1
43f073f5-31df-11e6-804e-848f69fd6b70,5,0
43f073f5-31df-11e6-804e-848f69fd6b70,6,0
44189,1,1
44189,2,1
44189,3,1
44189,4,1
44189,5,1
44189,6,1
44191,1,1
44191,2,1
44191,3,1
44191,4,1
44191,5,1
44191,6,1
44192,1,1
44192,2,1
44192,3,1
44192,4,1
44192,5,1
44192,6,1
44194,1,1
44194,2,1
44194,3,1
44194,4,1
44194,5,1
44194,6,1
44197,1,1
44197,2,1
44197,3,1
44197,4,1
44197,5,1
44197,6,1
44200,1,1
44200,2,1
44200,3,1
44200,4,1
44200,5,1
44200,6,1
44201,1,1
44201,2,1
44201,3,1
44201,4,1
44201,5,1
44201,6,1
44208,1,1
44208,2,1
44208,3,1
44208,4,1
44208,5,1
44208,6,0
44210,1,0
44210,2,0
44210,3,1
44210,4,1
44210,5,1
44210,6,1
44215,1,1
44215,2,1
44215,3,1
44215,4,1
44215,5,1
44215,6,1
44216,1,0
44216,2,0
44216,3,0
44216,4,1
44216,5,1
44216,6,1
44219,1,1
44219,2,1
44219,3,1
44219,4,1
44219,5,1
44219,6,1
44223,1,1
44223,2,1
44223,3,1
44223,4,1
44223,5,1
44223,6,1
44227,1,1
44227,2,1
44227,3,1
44227,4,1
44227,5,1
44227,6,1
44231,1,1
44231,2,1
44231,3,1
44231,4,1
44231,5,1
44231,6,1
44234,1,1
44234,2,1
44234,3,1
44234,4,1
44234,5,1
44234,6,1
44236,1,1
44236,2,1
44236,3,1
44236,4,1
44236,5,1
44236,6,1
44238,1,1
44238,2,1
44238,3,1
44238,4,1
44238,5,1
44238,6,1
44244,1,1
44244,2,1
44244,3,1
44244,4,1
44244,5,1
44244,6,1
44245,1,1
44245,2,1
44245,3,1
44245,4,1
44245,5,1
44245,6,1
44251,1,0
44251,2,0
44251,3,1
44251,4,1
44251,5,1
44251,6,0
44252,1,1
44252,2,1
44252,3,1
44252,4,1
44252,5,1
44252,6,1
44254,1,1
44254,2,1
44254,3,1
44254,4,1
44254,5,1
44254,6,1
44255,1,1
44255,2,1
44255,3,1
44255,4,1
44255,5,1
44255,6,1
44267,1,0
44267,2,0
44267,3,1
44267,4,1
44267,5,1
44267,6,1
44271,1,1
44271,2,1
44271,3,1
44271,4,1
44271,5,1
44271,6,1
44284,1,1
44284,2,1
44284,3,1
44284,4,1
44284,5,1
44284,6,1
44289,1,1
44289,2,1
44289,3,1
44289,4,1
44289,5,1
44289,6,1
44290,1,1
44290,2,1
44290,3,1
44290,4,1
44290,5,1
44290,6,1
44293,1,1
44293,2,1
44293,3,1
44293,4,1
44293,5,1
44293,6,1
44294,1,1
44294,2,1
44294,3,1
44294,4,1
44294,5,1
44294,6,1
44307,1,1
44307,2,1
44307,3,1
44307,4,1
44307,5,1
44307,6,1
44310,1,1
44310,2,1
44310,3,1
44310,4,1
44310,5,1
44310,6,1
44311,1,1
44311,2,1
44311,3,1
44311,4,1
44311,5,1
44311,6,1
44317,1,0
44317,2,0
44317,3,1
44317,4,1
44317,5,1
44317,6,1
44323,1,0
44323,2,1
44323,3,1
44323,4,1
44323,5,1
44323,6,1
44329,1,1
44329,2,1
44329,3,1
44329,4,1
44329,5,1
44329,6,1
44332,1,1
44332,2,1
44332,3,1
44332,4,1
44332,5,1
44332,6,1
44334,1,1
44334,2,1
44334,3,1
44334,4,1
44334,5,1
44334,6,1
44346,1,1
44346,2,1
44346,3,1
44346,4,1
44346,5,1
44346,6,1
44355,1,1
44355,2,1
44355,3,1
44355,4,1
44355,5,1
44355,6,1
44357,1,0
44357,2,0
44357,3,1
44357,4,1
44357,5,1
44357,6,0
44360,1,0
44360,2,0
44360,3,1
44360,4,1
44360,5,1
44360,6,0
44364,1,1
44364,2,1
44364,3,1
44364,4,1
44364,5,1
44364,6,1
44371,1,1
44371,2,1
44371,3,1
44371,4,1
44371,5,1
44371,6,1
44379,1,1
44379,2,1
44379,3,1
44379,4,1
44379,5,1
44379,6,1
44390,1,0
44390,2,0
44390,3,1
44390,4,1
44390,5,1
44390,6,0
44391,1,1
44391,2,1
44391,3,1
44391,4,1
44391,5,1
44391,6,1
44392,1,1
44392,2,1
44392,3,1
44392,4,1
44392,5,1
44392,6,1
44397,1,1
44397,2,1
44397,3,0
44397,4,0
44397,5,0
44397,6,0
44398,1,1
44398,2,1
44398,3,1
44398,4,1
44398,5,1
44398,6,1
44399,1,1
44399,2,1
44399,3,1
44399,4,1
44399,5,1
44399,6,1
44403,1,1
44403,2,1
44403,3,1
44403,4,1
44403,5,1
44403,6,1
44408,1,1
44408,2,1
44408,3,1
44408,4,1
44408,5,1
44408,6,1
44411,1,1
44411,2,1
44411,3,1
44411,4,1
44411,5,1
44411,6,1
44414,1,1
44414,2,1
44414,3,1
44414,4,1
44414,5,1
44414,6,1
44416,1,1
44416,2,1
44416,3,1
44416,4,1
44416,5,1
44416,6,1
44420,1,1
44420,2,1
44420,3,1
44420,4,1
44420,5,1
44420,6,1
44421,1,1
44421,2,1
44421,3,1
44421,4,1
44421,5,1
44421,6,1
44422,1,1
44422,2,1
44422,3,1
44422,4,1
44422,5,1
44422,6,1
44423,1,1
44423,2,1
44423,3,1
44423,4,1
44423,5,1
44423,6,1
44424,1,1
44424,2,1
44424,3,1
44424,4,1
44424,5,1
44424,6,1
44429,1,0
44429,2,0
44429,3,1
44429,4,1
44429,5,1
44429,6,0
44430,1,1
44430,2,1
44430,3,1
44430,4,1
44430,5,1
44430,6,1
44436,1,1
44436,2,1
44436,3,1
44436,4,1
44436,5,1
44436,6,1
44457,1,1
44457,2,1
44457,3,1
44457,4,1
44457,5,1
44457,6,1
44464,1,1
44464,2,1
44464,3,1
44464,4,1
44464,5,1
44464,6,1
44474,1,1
44474,2,1
44474,3,1
44474,4,1
44474,5,1
44474,6,1
44478,1,0
44478,2,0
44478,3,1
44478,4,1
44478,5,1
44478,6,0
44482,1,1
44482,2,1
44482,3,1
44482,4,1
44482,5,1
44482,6,1
44486,1,0
44486,2,1
44486,3,1
44486,4,1
44486,5,1
44486,6,1
44488,1,1
44488,2,1
44488,3,1
44488,4,1
44488,5,1
44488,6,1
44498,1,1
44498,2,1
44498,3,1
44498,4,1
44498,5,1
44498,6,1
44513,1,1
44513,2,1
44513,3,1
44513,4,1
44513,5,1
44513,6,1
44524,1,1
44524,2,1
44524,3,1
44524,4,1
44524,5,1
44524,6,1
44525,1,1
44525,2,1
44525,3,1
44525,4,1
44525,5,1
44525,6,1
44545,1,1
44545,2,1
44545,3,1
44545,4,1
44545,5,1
44545,6,1
44556,1,1
44556,2,1
44556,3,1
44556,4,1
44556,5,1
44556,6,1
44559,1,1
44559,2,1
44559,3,1
44559,4,1
44559,5,1
44559,6,1
44810e98-31e1-11e6-804e-848f69fd6b70,1,1
44810e98-31e1-11e6-804e-848f69fd6b70,2,1
44810e98-31e1-11e6-804e-848f69fd6b70,3,1
44810e98-31e1-11e6-804e-848f69fd6b70,4,1
44810e98-31e1-11e6-804e-848f69fd6b70,5,1
44810e98-31e1-11e6-804e-848f69fd6b70,6,1
4587a6f2-31e1-11e6-804e-848f69fd6b70,1,1
4587a6f2-31e1-11e6-804e-848f69fd6b70,2,1
4587a6f2-31e1-11e6-804e-848f69fd6b70,3,1
4587a6f2-31e1-11e6-804e-848f69fd6b70,4,1
4587a6f2-31e1-11e6-804e-848f69fd6b70,5,1
4587a6f2-31e1-11e6-804e-848f69fd6b70,6,1
45c99885-31df-11e6-804e-848f69fd6b70,1,1
45c99885-31df-11e6-804e-848f69fd6b70,2,1
45c99885-31df-11e6-804e-848f69fd6b70,3,1
45c99885-31df-11e6-804e-848f69fd6b70,4,1
45c99885-31df-11e6-804e-848f69fd6b70,5,1
45c99885-31df-11e6-804e-848f69fd6b70,6,1
46904064-31df-11e6-804e-848f69fd6b70,1,1
46904064-31df-11e6-804e-848f69fd6b70,2,1
46904064-31df-11e6-804e-848f69fd6b70,3,1
46904064-31df-11e6-804e-848f69fd6b70,4,1
46904064-31df-11e6-804e-848f69fd6b70,5,1
46904064-31df-11e6-804e-848f69fd6b70,6,0
46d9f999-31e0-11e6-804e-848f69fd6b70,1,0
46d9f999-31e0-11e6-804e-848f69fd6b70,2,0
46d9f999-31e0-11e6-804e-848f69fd6b70,3,1
46d9f999-31e0-11e6-804e-848f69fd6b70,4,1
46d9f999-31e0-11e6-804e-848f69fd6b70,5,1
46d9f999-31e0-11e6-804e-848f69fd6b70,6,1
46f0147c-31df-11e6-804e-848f69fd6b70,1,1
46f0147c-31df-11e6-804e-848f69fd6b70,2,1
46f0147c-31df-11e6-804e-848f69fd6b70,3,1
46f0147c-31df-11e6-804e-848f69fd6b70,4,1
46f0147c-31df-11e6-804e-848f69fd6b70,5,1
46f0147c-31df-11e6-804e-848f69fd6b70,6,1
472f664f-31df-11e6-804e-848f69fd6b70,1,1
472f664f-31df-11e6-804e-848f69fd6b70,2,1
472f664f-31df-11e6-804e-848f69fd6b70,3,1
472f664f-31df-11e6-804e-848f69fd6b70,4,1
472f664f-31df-11e6-804e-848f69fd6b70,5,1
472f664f-31df-11e6-804e-848f69fd6b70,6,1
4755f52d-31e0-11e6-804e-848f69fd6b70,1,1
4755f52d-31e0-11e6-804e-848f69fd6b70,2,1
4755f52d-31e0-11e6-804e-848f69fd6b70,3,1
4755f52d-31e0-11e6-804e-848f69fd6b70,4,1
4755f52d-31e0-11e6-804e-848f69fd6b70,5,1
4755f52d-31e0-11e6-804e-848f69fd6b70,6,1
4965e001-31e1-11e6-804e-848f69fd6b70,1,1
4965e001-31e1-11e6-804e-848f69fd6b70,2,1
4965e001-31e1-11e6-804e-848f69fd6b70,3,1
4965e001-31e1-11e6-804e-848f69fd6b70,4,1
4965e001-31e1-11e6-804e-848f69fd6b70,5,1
4965e001-31e1-11e6-804e-848f69fd6b70,6,1
4ae58ae8-31e1-11e6-804e-848f69fd6b70,1,1
4ae58ae8-31e1-11e6-804e-848f69fd6b70,2,1
4ae58ae8-31e1-11e6-804e-848f69fd6b70,3,1
4ae58ae8-31e1-11e6-804e-848f69fd6b70,4,1
4ae58ae8-31e1-11e6-804e-848f69fd6b70,5,1
4ae58ae8-31e1-11e6-804e-848f69fd6b70,6,1
4bd82085-31e0-11e6-804e-848f69fd6b70,1,1
4bd82085-31e0-11e6-804e-848f69fd6b70,2,1
4bd82085-31e0-11e6-804e-848f69fd6b70,3,1
4bd82085-31e0-11e6-804e-848f69fd6b70,4,1
4bd82085-31e0-11e6-804e-848f69fd6b70,5,1
4bd82085-31e0-11e6-804e-848f69fd6b70,6,1
4dee7855-31df-11e6-804e-848f69fd6b70,1,1
4dee7855-31df-11e6-804e-848f69fd6b70,2,1
4dee7855-31df-11e6-804e-848f69fd6b70,3,1
4dee7855-31df-11e6-804e-848f69fd6b70,4,1
4dee7855-31df-11e6-804e-848f69fd6b70,5,1
4dee7855-31df-11e6-804e-848f69fd6b70,6,1
508501ca-31df-11e6-804e-848f69fd6b70,1,1
508501ca-31df-11e6-804e-848f69fd6b70,2,1
508501ca-31df-11e6-804e-848f69fd6b70,3,1
508501ca-31df-11e6-804e-848f69fd6b70,4,1
508501ca-31df-11e6-804e-848f69fd6b70,5,1
508501ca-31df-11e6-804e-848f69fd6b70,6,1
51d1e1fd-31e1-11e6-804e-848f69fd6b70,1,0
51d1e1fd-31e1-11e6-804e-848f69fd6b70,2,1
51d1e1fd-31e1-11e6-804e-848f69fd6b70,3,1
51d1e1fd-31e1-11e6-804e-848f69fd6b70,4,1
51d1e1fd-31e1-11e6-804e-848f69fd6b70,5,1
51d1e1fd-31e1-11e6-804e-848f69fd6b70,6,1
52144425-31df-11e6-804e-848f69fd6b70,1,1
52144425-31df-11e6-804e-848f69fd6b70,2,1
52144425-31df-11e6-804e-848f69fd6b70,3,1
52144425-31df-11e6-804e-848f69fd6b70,4,1
52144425-31df-11e6-804e-848f69fd6b70,5,1
52144425-31df-11e6-804e-848f69fd6b70,6,0
524d415a-31e0-11e6-804e-848f69fd6b70,1,1
524d415a-31e0-11e6-804e-848f69fd6b70,2,1
524d415a-31e0-11e6-804e-848f69fd6b70,3,1
524d415a-31e0-11e6-804e-848f69fd6b70,4,1
524d415a-31e0-11e6-804e-848f69fd6b70,5,1
524d415a-31e0-11e6-804e-848f69fd6b70,6,1
52b98084-31df-11e6-804e-848f69fd6b70,1,1
52b98084-31df-11e6-804e-848f69fd6b70,2,1
52b98084-31df-11e6-804e-848f69fd6b70,3,1
52b98084-31df-11e6-804e-848f69fd6b70,4,1
52b98084-31df-11e6-804e-848f69fd6b70,5,1
52b98084-31df-11e6-804e-848f69fd6b70,6,1
53652cbf-31df-11e6-804e-848f69fd6b70,1,1
53652cbf-31df-11e6-804e-848f69fd6b70,2,1
53652cbf-31df-11e6-804e-848f69fd6b70,3,1
53652cbf-31df-11e6-804e-848f69fd6b70,4,1
53652cbf-31df-11e6-804e-848f69fd6b70,5,1
53652cbf-31df-11e6-804e-848f69fd6b70,6,1
53c9c9df-31e3-11e6-804e-848f69fd6b70,1,1
53c9c9df-31e3-11e6-804e-848f69fd6b70,2,1
53c9c9df-31e3-11e6-804e-848f69fd6b70,3,1
53c9c9df-31e3-11e6-804e-848f69fd6b70,4,1
53c9c9df-31e3-11e6-804e-848f69fd6b70,5,1
53c9c9df-31e3-11e6-804e-848f69fd6b70,6,1
53f62deb-31e0-11e6-804e-848f69fd6b70,1,1
53f62deb-31e0-11e6-804e-848f69fd6b70,2,1
53f62deb-31e0-11e6-804e-848f69fd6b70,3,1
53f62deb-31e0-11e6-804e-848f69fd6b70,4,1
53f62deb-31e0-11e6-804e-848f69fd6b70,5,1
53f62deb-31e0-11e6-804e-848f69fd6b70,6,1
557be2af-31df-11e6-804e-848f69fd6b70,1,0
557be2af-31df-11e6-804e-848f69fd6b70,2,0
557be2af-31df-11e6-804e-848f69fd6b70,3,1
557be2af-31df-11e6-804e-848f69fd6b70,4,1
557be2af-31df-11e6-804e-848f69fd6b70,5,1
557be2af-31df-11e6-804e-848f69fd6b70,6,1
55b4a275-31e1-11e6-804e-848f69fd6b70,1,1
55b4a275-31e1-11e6-804e-848f69fd6b70,2,1
55b4a275-31e1-11e6-804e-848f69fd6b70,3,1
55b4a275-31e1-11e6-804e-848f69fd6b70,4,1
55b4a275-31e1-11e6-804e-848f69fd6b70,5,1
55b4a275-31e1-11e6-804e-848f69fd6b70,6,1
55c55687-31df-11e6-804e-848f69fd6b70,1,1
55c55687-31df-11e6-804e-848f69fd6b70,2,1
55c55687-31df-11e6-804e-848f69fd6b70,3,1
55c55687-31df-11e6-804e-848f69fd6b70,4,1
55c55687-31df-11e6-804e-848f69fd6b70,5,1
55c55687-31df-11e6-804e-848f69fd6b70,6,1
55d3fcc3-31df-11e6-804e-848f69fd6b70,1,1
55d3fcc3-31df-11e6-804e-848f69fd6b70,2,1
55d3fcc3-31df-11e6-804e-848f69fd6b70,3,1
55d3fcc3-31df-11e6-804e-848f69fd6b70,4,1
55d3fcc3-31df-11e6-804e-848f69fd6b70,5,1
55d3fcc3-31df-11e6-804e-848f69fd6b70,6,1
56e95a67-31df-11e6-804e-848f69fd6b70,1,1
56e95a67-31df-11e6-804e-848f69fd6b70,2,1
56e95a67-31df-11e6-804e-848f69fd6b70,3,1
56e95a67-31df-11e6-804e-848f69fd6b70,4,1
56e95a67-31df-11e6-804e-848f69fd6b70,5,1
56e95a67-31df-11e6-804e-848f69fd6b70,6,1
58637bdc-31df-11e6-804e-848f69fd6b70,1,1
58637bdc-31df-11e6-804e-848f69fd6b70,2,1
58637bdc-31df-11e6-804e-848f69fd6b70,3,1
58637bdc-31df-11e6-804e-848f69fd6b70,4,1
58637bdc-31df-11e6-804e-848f69fd6b70,5,1
58637bdc-31df-11e6-804e-848f69fd6b70,6,1
58fae144-31df-11e6-804e-848f69fd6b70,1,1
58fae144-31df-11e6-804e-848f69fd6b70,2,1
58fae144-31df-11e6-804e-848f69fd6b70,3,1
58fae144-31df-11e6-804e-848f69fd6b70,4,1
58fae144-31df-11e6-804e-848f69fd6b70,5,1
58fae144-31df-11e6-804e-848f69fd6b70,6,1
59ae9963-31e1-11e6-804e-848f69fd6b70,1,1
59ae9963-31e1-11e6-804e-848f69fd6b70,2,1
59ae9963-31e1-11e6-804e-848f69fd6b70,3,1
59ae9963-31e1-11e6-804e-848f69fd6b70,4,1
59ae9963-31e1-11e6-804e-848f69fd6b70,5,1
59ae9963-31e1-11e6-804e-848f69fd6b70,6,1
5c4f3146-31e3-11e6-804e-848f69fd6b70,1,1
5c4f3146-31e3-11e6-804e-848f69fd6b70,2,1
5c4f3146-31e3-11e6-804e-848f69fd6b70,3,1
5c4f3146-31e3-11e6-804e-848f69fd6b70,4,1
5c4f3146-31e3-11e6-804e-848f69fd6b70,5,1
5c4f3146-31e3-11e6-804e-848f69fd6b70,6,1
614c3d84-31e3-11e6-804e-848f69fd6b70,1,1
614c3d84-31e3-11e6-804e-848f69fd6b70,2,1
614c3d84-31e3-11e6-804e-848f69fd6b70,3,1
614c3d84-31e3-11e6-804e-848f69fd6b70,4,1
614c3d84-31e3-11e6-804e-848f69fd6b70,5,1
614c3d84-31e3-11e6-804e-848f69fd6b70,6,1
61e09f51-31e1-11e6-804e-848f69fd6b70,1,1
61e09f51-31e1-11e6-804e-848f69fd6b70,2,1
61e09f51-31e1-11e6-804e-848f69fd6b70,3,1
61e09f51-31e1-11e6-804e-848f69fd6b70,4,1
61e09f51-31e1-11e6-804e-848f69fd6b70,5,1
61e09f51-31e1-11e6-804e-848f69fd6b70,6,1
61e47eef-31e3-11e6-804e-848f69fd6b70,1,1
61e47eef-31e3-11e6-804e-848f69fd6b70,2,1
61e47eef-31e3-11e6-804e-848f69fd6b70,3,1
61e47eef-31e3-11e6-804e-848f69fd6b70,4,1
61e47eef-31e3-11e6-804e-848f69fd6b70,5,1
61e47eef-31e3-11e6-804e-848f69fd6b70,6,1
64406562-8643-11e7-b11b-1866da8f1f23,1,1
64406562-8643-11e7-b11b-1866da8f1f23,2,1
64406562-8643-11e7-b11b-1866da8f1f23,3,1
64406562-8643-11e7-b11b-1866da8f1f23,4,1
64406562-8643-11e7-b11b-1866da8f1f23,5,1
64406562-8643-11e7-b11b-1866da8f1f23,6,1
64f8112a-3879-4bce-93a6-4009f382392b,1,1
64f8112a-3879-4bce-93a6-4009f382392b,2,1
64f8112a-3879-4bce-93a6-4009f382392b,3,1
64f8112a-3879-4bce-93a6-4009f382392b,4,1
64f8112a-3879-4bce-93a6-4009f382392b,5,1
64f8112a-3879-4bce-93a6-4009f382392b,6,1
6a3bf5f8-31e0-11e6-804e-848f69fd6b70,1,1
6a3bf5f8-31e0-11e6-804e-848f69fd6b70,2,1
6a3bf5f8-31e0-11e6-804e-848f69fd6b70,3,1
6a3bf5f8-31e0-11e6-804e-848f69fd6b70,4,1
6a3bf5f8-31e0-11e6-804e-848f69fd6b70,5,1
6a3bf5f8-31e0-11e6-804e-848f69fd6b70,6,1
6a756d55-31e2-11e6-804e-848f69fd6b70,1,0
6a756d55-31e2-11e6-804e-848f69fd6b70,2,0
6a756d55-31e2-11e6-804e-848f69fd6b70,3,1
6a756d55-31e2-11e6-804e-848f69fd6b70,4,1
6a756d55-31e2-11e6-804e-848f69fd6b70,5,1
6a756d55-31e2-11e6-804e-848f69fd6b70,6,0
6af282f3-31e1-11e6-804e-848f69fd6b70,1,1
6af282f3-31e1-11e6-804e-848f69fd6b70,2,1
6af282f3-31e1-11e6-804e-848f69fd6b70,3,1
6af282f3-31e1-11e6-804e-848f69fd6b70,4,1
6af282f3-31e1-11e6-804e-848f69fd6b70,5,1
6af282f3-31e1-11e6-804e-848f69fd6b70,6,1
6c70f4fb-31e1-11e6-804e-848f69fd6b70,1,1
6c70f4fb-31e1-11e6-804e-848f69fd6b70,2,1
6c70f4fb-31e1-11e6-804e-848f69fd6b70,3,1
6c70f4fb-31e1-11e6-804e-848f69fd6b70,4,1
6c70f4fb-31e1-11e6-804e-848f69fd6b70,5,1
6c70f4fb-31e1-11e6-804e-848f69fd6b70,6,1
6d0519cc-31e4-11e6-804e-848f69fd6b70,1,1
6d0519cc-31e4-11e6-804e-848f69fd6b70,2,1
6d0519cc-31e4-11e6-804e-848f69fd6b70,3,1
6d0519cc-31e4-11e6-804e-848f69fd6b70,4,1
6d0519cc-31e4-11e6-804e-848f69fd6b70,5,1
6d0519cc-31e4-11e6-804e-848f69fd6b70,6,1
6d1b1923-31e4-11e6-804e-848f69fd6b70,1,1
6d1b1923-31e4-11e6-804e-848f69fd6b70,2,1
6d1b1923-31e4-11e6-804e-848f69fd6b70,3,1
6d1b1923-31e4-11e6-804e-848f69fd6b70,4,1
6d1b1923-31e4-11e6-804e-848f69fd6b70,5,1
6d1b1923-31e4-11e6-804e-848f69fd6b70,6,1
6e97ed7b-31e1-11e6-804e-848f69fd6b70,1,1
6e97ed7b-31e1-11e6-804e-848f69fd6b70,2,1
6e97ed7b-31e1-11e6-804e-848f69fd6b70,3,1
6e97ed7b-31e1-11e6-804e-848f69fd6b70,4,1
6e97ed7b-31e1-11e6-804e-848f69fd6b70,5,1
6e97ed7b-31e1-11e6-804e-848f69fd6b70,6,1
6ead42f0-31e0-11e6-804e-848f69fd6b70,1,1
6ead42f0-31e0-11e6-804e-848f69fd6b70,2,1
6ead42f0-31e0-11e6-804e-848f69fd6b70,3,1
6ead42f0-31e0-11e6-804e-848f69fd6b70,4,1
6ead42f0-31e0-11e6-804e-848f69fd6b70,5,1
6ead42f0-31e0-11e6-804e-848f69fd6b70,6,1
6fbc3863-31e0-11e6-804e-848f69fd6b70,1,1
6fbc3863-31e0-11e6-804e-848f69fd6b70,2,1
6fbc3863-31e0-11e6-804e-848f69fd6b70,3,1
6fbc3863-31e0-11e6-804e-848f69fd6b70,4,1
6fbc3863-31e0-11e6-804e-848f69fd6b70,5,1
6fbc3863-31e0-11e6-804e-848f69fd6b70,6,1
706308e4-31e0-11e6-804e-848f69fd6b70,1,0
706308e4-31e0-11e6-804e-848f69fd6b70,2,0
706308e4-31e0-11e6-804e-848f69fd6b70,3,1
706308e4-31e0-11e6-804e-848f69fd6b70,4,1
706308e4-31e0-11e6-804e-848f69fd6b70,5,1
706308e4-31e0-11e6-804e-848f69fd6b70,6,1
747d98c6-31e0-11e6-804e-848f69fd6b70,1,0
747d98c6-31e0-11e6-804e-848f69fd6b70,2,0
747d98c6-31e0-11e6-804e-848f69fd6b70,3,1
747d98c6-31e0-11e6-804e-848f69fd6b70,4,1
747d98c6-31e0-11e6-804e-848f69fd6b70,5,1
747d98c6-31e0-11e6-804e-848f69fd6b70,6,1
78c910ab-9c2b-4928-81c5-70ba19c45a4c,1,1
78c910ab-9c2b-4928-81c5-70ba19c45a4c,2,1
78c910ab-9c2b-4928-81c5-70ba19c45a4c,3,1
78c910ab-9c2b-4928-81c5-70ba19c45a4c,4,1
78c910ab-9c2b-4928-81c5-70ba19c45a4c,5,1
78c910ab-9c2b-4928-81c5-70ba19c45a4c,6,1
7b2a7261-31e1-11e6-804e-848f69fd6b70,1,1
7b2a7261-31e1-11e6-804e-848f69fd6b70,2,1
7b2a7261-31e1-11e6-804e-848f69fd6b70,3,1
7b2a7261-31e1-11e6-804e-848f69fd6b70,4,1
7b2a7261-31e1-11e6-804e-848f69fd6b70,5,1
7b2a7261-31e1-11e6-804e-848f69fd6b70,6,1
7bb742a1-31e0-11e6-804e-848f69fd6b70,1,1
7bb742a1-31e0-11e6-804e-848f69fd6b70,2,1
7bb742a1-31e0-11e6-804e-848f69fd6b70,3,1
7bb742a1-31e0-11e6-804e-848f69fd6b70,4,1
7bb742a1-31e0-11e6-804e-848f69fd6b70,5,1
7bb742a1-31e0-11e6-804e-848f69fd6b70,6,1
7d5c9fe1-31e0-11e6-804e-848f69fd6b70,1,1
7d5c9fe1-31e0-11e6-804e-848f69fd6b70,2,1
7d5c9fe1-31e0-11e6-804e-848f69fd6b70,3,1
7d5c9fe1-31e0-11e6-804e-848f69fd6b70,4,1
7d5c9fe1-31e0-11e6-804e-848f69fd6b70,5,1
7d5c9fe1-31e0-11e6-804e-848f69fd6b70,6,1
7ee2f0ee-31e0-11e6-804e-848f69fd6b70,1,1
7ee2f0ee-31e0-11e6-804e-848f69fd6b70,2,1
7ee2f0ee-31e0-11e6-804e-848f69fd6b70,3,1
7ee2f0ee-31e0-11e6-804e-848f69fd6b70,4,1
7ee2f0ee-31e0-11e6-804e-848f69fd6b70,5,1
7ee2f0ee-31e0-11e6-804e-848f69fd6b70,6,1
7f1700b4-31df-11e6-804e-848f69fd6b70,1,1
7f1700b4-31df-11e6-804e-848f69fd6b70,2,1
7f1700b4-31df-11e6-804e-848f69fd6b70,3,1
7f1700b4-31df-11e6-804e-848f69fd6b70,4,1
7f1700b4-31df-11e6-804e-848f69fd6b70,5,1
7f1700b4-31df-11e6-804e-848f69fd6b70,6,1
7f1f2347-31e0-11e6-804e-848f69fd6b70,1,1
7f1f2347-31e0-11e6-804e-848f69fd6b70,2,1
7f1f2347-31e0-11e6-804e-848f69fd6b70,3,1
7f1f2347-31e0-11e6-804e-848f69fd6b70,4,1
7f1f2347-31e0-11e6-804e-848f69fd6b70,5,1
7f1f2347-31e0-11e6-804e-848f69fd6b70,6,1
7f79811e-31e1-11e6-804e-848f69fd6b70,1,1
7f79811e-31e1-11e6-804e-848f69fd6b70,2,1
7f79811e-31e1-11e6-804e-848f69fd6b70,3,1
7f79811e-31e1-11e6-804e-848f69fd6b70,4,1
7f79811e-31e1-11e6-804e-848f69fd6b70,5,1
7f79811e-31e1-11e6-804e-848f69fd6b70,6,1
7f9097df-31e2-11e6-804e-848f69fd6b70,1,1
7f9097df-31e2-11e6-804e-848f69fd6b70,2,0
7f9097df-31e2-11e6-804e-848f69fd6b70,3,0
7f9097df-31e2-11e6-804e-848f69fd6b70,4,0
7f9097df-31e2-11e6-804e-848f69fd6b70,5,0
7f9097df-31e2-11e6-804e-848f69fd6b70,6,0
8006ce94-31e1-11e6-804e-848f69fd6b70,1,1
8006ce94-31e1-11e6-804e-848f69fd6b70,2,1
8006ce94-31e1-11e6-804e-848f69fd6b70,3,1
8006ce94-31e1-11e6-804e-848f69fd6b70,4,1
8006ce94-31e1-11e6-804e-848f69fd6b70,5,1
8006ce94-31e1-11e6-804e-848f69fd6b70,6,1
8048ee9f-31e1-11e6-804e-848f69fd6b70,1,1
8048ee9f-31e1-11e6-804e-848f69fd6b70,2,1
8048ee9f-31e1-11e6-804e-848f69fd6b70,3,1
8048ee9f-31e1-11e6-804e-848f69fd6b70,4,1
8048ee9f-31e1-11e6-804e-848f69fd6b70,5,1
8048ee9f-31e1-11e6-804e-848f69fd6b70,6,1
80598414-31e1-11e6-804e-848f69fd6b70,1,1
80598414-31e1-11e6-804e-848f69fd6b70,2,1
80598414-31e1-11e6-804e-848f69fd6b70,3,1
80598414-31e1-11e6-804e-848f69fd6b70,4,1
80598414-31e1-11e6-804e-848f69fd6b70,5,1
80598414-31e1-11e6-804e-848f69fd6b70,6,1
8069a502-31e1-11e6-804e-848f69fd6b70,1,1
8069a502-31e1-11e6-804e-848f69fd6b70,2,1
8069a502-31e1-11e6-804e-848f69fd6b70,3,1
8069a502-31e1-11e6-804e-848f69fd6b70,4,1
8069a502-31e1-11e6-804e-848f69fd6b70,5,1
8069a502-31e1-11e6-804e-848f69fd6b70,6,1
80dfaab6-31e2-11e6-804e-848f69fd6b70,1,1
80dfaab6-31e2-11e6-804e-848f69fd6b70,2,0
80dfaab6-31e2-11e6-804e-848f69fd6b70,3,0
80dfaab6-31e2-11e6-804e-848f69fd6b70,4,0
80dfaab6-31e2-11e6-804e-848f69fd6b70,5,0
80dfaab6-31e2-11e6-804e-848f69fd6b70,6,0
820fe966-31df-11e6-804e-848f69fd6b70,1,1
820fe966-31df-11e6-804e-848f69fd6b70,2,1
820fe966-31df-11e6-804e-848f69fd6b70,3,1
820fe966-31df-11e6-804e-848f69fd6b70,4,1
820fe966-31df-11e6-804e-848f69fd6b70,5,1
820fe966-31df-11e6-804e-848f69fd6b70,6,1
83a2d4f2-31df-11e6-804e-848f69fd6b70,1,1
83a2d4f2-31df-11e6-804e-848f69fd6b70,2,1
83a2d4f2-31df-11e6-804e-848f69fd6b70,3,1
83a2d4f2-31df-11e6-804e-848f69fd6b70,4,1
83a2d4f2-31df-11e6-804e-848f69fd6b70,5,1
83a2d4f2-31df-11e6-804e-848f69fd6b70,6,1
8407b98b-31e0-11e6-804e-848f69fd6b70,1,1
8407b98b-31e0-11e6-804e-848f69fd6b70,2,1
8407b98b-31e0-11e6-804e-848f69fd6b70,3,1
8407b98b-31e0-11e6-804e-848f69fd6b70,4,1
8407b98b-31e0-11e6-804e-848f69fd6b70,5,1
8407b98b-31e0-11e6-804e-848f69fd6b70,6,1
8429d4a0-31e1-11e6-804e-848f69fd6b70,1,1
8429d4a0-31e1-11e6-804e-848f69fd6b70,2,1
8429d4a0-31e1-11e6-804e-848f69fd6b70,3,1
8429d4a0-31e1-11e6-804e-848f69fd6b70,4,1
8429d4a0-31e1-11e6-804e-848f69fd6b70,5,1
8429d4a0-31e1-11e6-804e-848f69fd6b70,6,1
84742087-31e1-11e6-804e-848f69fd6b70,1,1
84742087-31e1-11e6-804e-848f69fd6b70,2,1
84742087-31e1-11e6-804e-848f69fd6b70,3,1
84742087-31e1-11e6-804e-848f69fd6b70,4,1
84742087-31e1-11e6-804e-848f69fd6b70,5,1
84742087-31e1-11e6-804e-848f69fd6b70,6,1
84d0d8d5-31e2-11e6-804e-848f69fd6b70,1,1
84d0d8d5-31e2-11e6-804e-848f69fd6b70,2,0
84d0d8d5-31e2-11e6-804e-848f69fd6b70,3,0
84d0d8d5-31e2-11e6-804e-848f69fd6b70,4,0
84d0d8d5-31e2-11e6-804e-848f69fd6b70,5,0
84d0d8d5-31e2-11e6-804e-848f69fd6b70,6,0
85fb4fdf-31e3-11e6-804e-848f69fd6b70,1,1
85fb4fdf-31e3-11e6-804e-848f69fd6b70,2,1
85fb4fdf-31e3-11e6-804e-848f69fd6b70,3,1
85fb4fdf-31e3-11e6-804e-848f69fd6b70,4,1
85fb4fdf-31e3-11e6-804e-848f69fd6b70,5,1
85fb4fdf-31e3-11e6-804e-848f69fd6b70,6,1
87faf4f0-31e1-11e6-804e-848f69fd6b70,1,1
87faf4f0-31e1-11e6-804e-848f69fd6b70,2,1
87faf4f0-31e1-11e6-804e-848f69fd6b70,3,1
87faf4f0-31e1-11e6-804e-848f69fd6b70,4,1
87faf4f0-31e1-11e6-804e-848f69fd6b70,5,1
87faf4f0-31e1-11e6-804e-848f69fd6b70,6,1
8927390a-31e2-11e6-804e-848f69fd6b70,1,1
8927390a-31e2-11e6-804e-848f69fd6b70,2,0
8927390a-31e2-11e6-804e-848f69fd6b70,3,0
8927390a-31e2-11e6-804e-848f69fd6b70,4,0
8927390a-31e2-11e6-804e-848f69fd6b70,5,0
8927390a-31e2-11e6-804e-848f69fd6b70,6,0
89609f27-31e0-11e6-804e-848f69fd6b70,1,1
89609f27-31e0-11e6-804e-848f69fd6b70,2,1
89609f27-31e0-11e6-804e-848f69fd6b70,3,1
89609f27-31e0-11e6-804e-848f69fd6b70,4,1
89609f27-31e0-11e6-804e-848f69fd6b70,5,1
89609f27-31e0-11e6-804e-848f69fd6b70,6,1
8aa78e0a-31e1-11e6-804e-848f69fd6b70,1,1
8aa78e0a-31e1-11e6-804e-848f69fd6b70,2,1
8aa78e0a-31e1-11e6-804e-848f69fd6b70,3,1
8aa78e0a-31e1-11e6-804e-848f69fd6b70,4,1
8aa78e0a-31e1-11e6-804e-848f69fd6b70,5,1
8aa78e0a-31e1-11e6-804e-848f69fd6b70,6,1
8ad8622b-31e2-11e6-804e-848f69fd6b70,1,1
8ad8622b-31e2-11e6-804e-848f69fd6b70,2,0
8ad8622b-31e2-11e6-804e-848f69fd6b70,3,0
8ad8622b-31e2-11e6-804e-848f69fd6b70,4,0
8ad8622b-31e2-11e6-804e-848f69fd6b70,5,0
8ad8622b-31e2-11e6-804e-848f69fd6b70,6,0
8bfdeecb-31e2-11e6-804e-848f69fd6b70,1,1
8bfdeecb-31e2-11e6-804e-848f69fd6b70,2,0
8bfdeecb-31e2-11e6-804e-848f69fd6b70,3,0
8bfdeecb-31e2-11e6-804e-848f69fd6b70,4,0
8bfdeecb-31e2-11e6-804e-848f69fd6b70,5,0
8bfdeecb-31e2-11e6-804e-848f69fd6b70,6,0
8cd46e27-31e0-11e6-804e-848f69fd6b70,1,1
8cd46e27-31e0-11e6-804e-848f69fd6b70,2,1
8cd46e27-31e0-11e6-804e-848f69fd6b70,3,1
8cd46e27-31e0-11e6-804e-848f69fd6b70,4,1
8cd46e27-31e0-11e6-804e-848f69fd6b70,5,1
8cd46e27-31e0-11e6-804e-848f69fd6b70,6,1
8e663472-aa19-49af-85e3-a91e60fbfc98,1,1
8e663472-aa19-49af-85e3-a91e60fbfc98,2,1
8e663472-aa19-49af-85e3-a91e60fbfc98,3,1
8e663472-aa19-49af-85e3-a91e60fbfc98,4,1
8e663472-aa19-49af-85e3-a91e60fbfc98,5,1
8e663472-aa19-49af-85e3-a91e60fbfc98,6,1
92544da1-31e1-11e6-804e-848f69fd6b70,1,1
92544da1-31e1-11e6-804e-848f69fd6b70,2,1
92544da1-31e1-11e6-804e-848f69fd6b70,3,1
92544da1-31e1-11e6-804e-848f69fd6b70,4,1
92544da1-31e1-11e6-804e-848f69fd6b70,5,1
92544da1-31e1-11e6-804e-848f69fd6b70,6,1
942f3cb4-31e3-11e6-804e-848f69fd6b70,1,1
942f3cb4-31e3-11e6-804e-848f69fd6b70,2,1
942f3cb4-31e3-11e6-804e-848f69fd6b70,3,1
942f3cb4-31e3-11e6-804e-848f69fd6b70,4,1
942f3cb4-31e3-11e6-804e-848f69fd6b70,5,1
942f3cb4-31e3-11e6-804e-848f69fd6b70,6,1
94753bbd-31df-11e6-804e-848f69fd6b70,1,0
94753bbd-31df-11e6-804e-848f69fd6b70,2,1
94753bbd-31df-11e6-804e-848f69fd6b70,3,1
94753bbd-31df-11e6-804e-848f69fd6b70,4,1
94753bbd-31df-11e6-804e-848f69fd6b70,5,1
94753bbd-31df-11e6-804e-848f69fd6b70,6,1
951a9bad-31df-11e6-804e-848f69fd6b70,1,0
951a9bad-31df-11e6-804e-848f69fd6b70,2,0
951a9bad-31df-11e6-804e-848f69fd6b70,3,1
951a9bad-31df-11e6-804e-848f69fd6b70,4,1
951a9bad-31df-11e6-804e-848f69fd6b70,5,1
951a9bad-31df-11e6-804e-848f69fd6b70,6,1
951fa472-1ada-4d0c-a084-8635ba391f80,1,1
951fa472-1ada-4d0c-a084-8635ba391f80,2,1
951fa472-1ada-4d0c-a084-8635ba391f80,3,1
951fa472-1ada-4d0c-a084-8635ba391f80,4,1
951fa472-1ada-4d0c-a084-8635ba391f80,5,1
951fa472-1ada-4d0c-a084-8635ba391f80,6,1
9683433f-31e0-11e6-804e-848f69fd6b70,1,1
9683433f-31e0-11e6-804e-848f69fd6b70,2,1
9683433f-31e0-11e6-804e-848f69fd6b70,3,1
9683433f-31e0-11e6-804e-848f69fd6b70,4,1
9683433f-31e0-11e6-804e-848f69fd6b70,5,1
9683433f-31e0-11e6-804e-848f69fd6b70,6,1
9692d7c8-31e0-11e6-804e-848f69fd6b70,1,1
9692d7c8-31e0-11e6-804e-848f69fd6b70,2,1
9692d7c8-31e0-11e6-804e-848f69fd6b70,3,1
9692d7c8-31e0-11e6-804e-848f69fd6b70,4,1
9692d7c8-31e0-11e6-804e-848f69fd6b70,5,1
9692d7c8-31e0-11e6-804e-848f69fd6b70,6,1
96ce2f00-31e0-11e6-804e-848f69fd6b70,1,1
96ce2f00-31e0-11e6-804e-848f69fd6b70,2,1
96ce2f00-31e0-11e6-804e-848f69fd6b70,3,1
96ce2f00-31e0-11e6-804e-848f69fd6b70,4,1
96ce2f00-31e0-11e6-804e-848f69fd6b70,5,1
96ce2f00-31e0-11e6-804e-848f69fd6b70,6,1
97c934f9-31e1-11e6-804e-848f69fd6b70,1,1
97c934f9-31e1-11e6-804e-848f69fd6b70,2,1
97c934f9-31e1-11e6-804e-848f69fd6b70,3,1
97c934f9-31e1-11e6-804e-848f69fd6b70,4,1
97c934f9-31e1-11e6-804e-848f69fd6b70,5,1
97c934f9-31e1-11e6-804e-848f69fd6b70,6,1
981295f6-31e1-11e6-804e-848f69fd6b70,1,1
981295f6-31e1-11e6-804e-848f69fd6b70,2,1
981295f6-31e1-11e6-804e-848f69fd6b70,3,1
981295f6-31e1-11e6-804e-848f69fd6b70,4,1
981295f6-31e1-11e6-804e-848f69fd6b70,5,1
981295f6-31e1-11e6-804e-848f69fd6b70,6,1
98460929-31e1-11e6-804e-848f69fd6b70,1,1
98460929-31e1-11e6-804e-848f69fd6b70,2,1
98460929-31e1-11e6-804e-848f69fd6b70,3,1
98460929-31e1-11e6-804e-848f69fd6b70,4,1
98460929-31e1-11e6-804e-848f69fd6b70,5,1
98460929-31e1-11e6-804e-848f69fd6b70,6,1
99e4a8c1-31e1-11e6-804e-848f69fd6b70,1,1
99e4a8c1-31e1-11e6-804e-848f69fd6b70,2,1
99e4a8c1-31e1-11e6-804e-848f69fd6b70,3,1
99e4a8c1-31e1-11e6-804e-848f69fd6b70,4,1
99e4a8c1-31e1-11e6-804e-848f69fd6b70,5,1
99e4a8c1-31e1-11e6-804e-848f69fd6b70,6,1
9be09cc7-2fb9-4c78-9d4c-2eb6f7be82a1,1,1
9be09cc7-2fb9-4c78-9d4c-2eb6f7be82a1,2,1
9be09cc7-2fb9-4c78-9d4c-2eb6f7be82a1,3,1
9be09cc7-2fb9-4c78-9d4c-2eb6f7be82a1,4,1
9be09cc7-2fb9-4c78-9d4c-2eb6f7be82a1,5,1
9be09cc7-2fb9-4c78-9d4c-2eb6f7be82a1,6,1
9d6610ae-31e1-11e6-804e-848f69fd6b70,1,1
9d6610ae-31e1-11e6-804e-848f69fd6b70,2,1
9d6610ae-31e1-11e6-804e-848f69fd6b70,3,1
9d6610ae-31e1-11e6-804e-848f69fd6b70,4,1
9d6610ae-31e1-11e6-804e-848f69fd6b70,5,1
9d6610ae-31e1-11e6-804e-848f69fd6b70,6,1
9f95d889-31e0-11e6-804e-848f69fd6b70,1,1
9f95d889-31e0-11e6-804e-848f69fd6b70,2,1
9f95d889-31e0-11e6-804e-848f69fd6b70,3,1
9f95d889-31e0-11e6-804e-848f69fd6b70,4,1
9f95d889-31e0-11e6-804e-848f69fd6b70,5,1
9f95d889-31e0-11e6-804e-848f69fd6b70,6,1
a0ca1fb4-31e1-11e6-804e-848f69fd6b70,1,1
a0ca1fb4-31e1-11e6-804e-848f69fd6b70,2,1
a0ca1fb4-31e1-11e6-804e-848f69fd6b70,3,1
a0ca1fb4-31e1-11e6-804e-848f69fd6b70,4,1
a0ca1fb4-31e1-11e6-804e-848f69fd6b70,5,1
a0ca1fb4-31e1-11e6-804e-848f69fd6b70,6,1
a5733495-31e3-11e6-804e-848f69fd6b70,1,1
a5733495-31e3-11e6-804e-848f69fd6b70,2,1
a5733495-31e3-11e6-804e-848f69fd6b70,3,1
a5733495-31e3-11e6-804e-848f69fd6b70,4,1
a5733495-31e3-11e6-804e-848f69fd6b70,5,1
a5733495-31e3-11e6-804e-848f69fd6b70,6,1
a6da6939-31e2-11e6-804e-848f69fd6b70,1,1
a6da6939-31e2-11e6-804e-848f69fd6b70,2,1
a6da6939-31e2-11e6-804e-848f69fd6b70,3,1
a6da6939-31e2-11e6-804e-848f69fd6b70,4,0
a6da6939-31e2-11e6-804e-848f69fd6b70,5,0
a6da6939-31e2-11e6-804e-848f69fd6b70,6,0
a8d3d455-31e1-11e6-804e-848f69fd6b70,1,1
a8d3d455-31e1-11e6-804e-848f69fd6b70,2,1
a8d3d455-31e1-11e6-804e-848f69fd6b70,3,1
a8d3d455-31e1-11e6-804e-848f69fd6b70,4,1
a8d3d455-31e1-11e6-804e-848f69fd6b70,5,1
a8d3d455-31e1-11e6-804e-848f69fd6b70,6,1
abcf3221-ae22-11e5-9ee2-848f69fd6b70,1,1
abcf3221-ae22-11e5-9ee2-848f69fd6b70,2,1
abcf3221-ae22-11e5-9ee2-848f69fd6b70,3,1
abcf3221-ae22-11e5-9ee2-848f69fd6b70,4,1
abcf3221-ae22-11e5-9ee2-848f69fd6b70,5,1
abcf3221-ae22-11e5-9ee2-848f69fd6b70,6,1
abd7729e-ae22-11e5-9ee2-848f69fd6b70,1,1
abd7729e-ae22-11e5-9ee2-848f69fd6b70,2,1
abd7729e-ae22-11e5-9ee2-848f69fd6b70,3,1
abd7729e-ae22-11e5-9ee2-848f69fd6b70,4,1
abd7729e-ae22-11e5-9ee2-848f69fd6b70,5,1
abd7729e-ae22-11e5-9ee2-848f69fd6b70,6,1
abf88830-ae22-11e5-9ee2-848f69fd6b70,1,1
abf88830-ae22-11e5-9ee2-848f69fd6b70,2,1
abf88830-ae22-11e5-9ee2-848f69fd6b70,3,1
abf88830-ae22-11e5-9ee2-848f69fd6b70,4,1
abf88830-ae22-11e5-9ee2-848f69fd6b70,5,1
abf88830-ae22-11e5-9ee2-848f69fd6b70,6,1
ac7cea92-ae22-11e5-9ee2-848f69fd6b70,1,1
ac7cea92-ae22-11e5-9ee2-848f69fd6b70,2,1
ac7cea92-ae22-11e5-9ee2-848f69fd6b70,3,1
ac7cea92-ae22-11e5-9ee2-848f69fd6b70,4,1
ac7cea92-ae22-11e5-9ee2-848f69fd6b70,5,1
ac7cea92-ae22-11e5-9ee2-848f69fd6b70,6,1
acd76c1b-ae22-11e5-9ee2-848f69fd6b70,1,1
acd76c1b-ae22-11e5-9ee2-848f69fd6b70,2,1
acd76c1b-ae22-11e5-9ee2-848f69fd6b70,3,1
acd76c1b-ae22-11e5-9ee2-848f69fd6b70,4,1
acd76c1b-ae22-11e5-9ee2-848f69fd6b70,5,1
acd76c1b-ae22-11e5-9ee2-848f69fd6b70,6,1
ad57a9b3-31e0-11e6-804e-848f69fd6b70,1,0
ad57a9b3-31e0-11e6-804e-848f69fd6b70,2,0
ad57a9b3-31e0-11e6-804e-848f69fd6b70,3,0
ad57a9b3-31e0-11e6-804e-848f69fd6b70,4,0
ad57a9b3-31e0-11e6-804e-848f69fd6b70,5,1
ad57a9b3-31e0-11e6-804e-848f69fd6b70,6,1
ae925496-31e1-11e6-804e-848f69fd6b70,1,1
ae925496-31e1-11e6-804e-848f69fd6b70,2,1
ae925496-31e1-11e6-804e-848f69fd6b70,3,1
ae925496-31e1-11e6-804e-848f69fd6b70,4,1
ae925496-31e1-11e6-804e-848f69fd6b70,5,1
ae925496-31e1-11e6-804e-848f69fd6b70,6,1
aec25a4c-31e0-11e6-804e-848f69fd6b70,1,1
aec25a4c-31e0-11e6-804e-848f69fd6b70,2,1
aec25a4c-31e0-11e6-804e-848f69fd6b70,3,1
aec25a4c-31e0-11e6-804e-848f69fd6b70,4,1
aec25a4c-31e0-11e6-804e-848f69fd6b70,5,1
aec25a4c-31e0-11e6-804e-848f69fd6b70,6,1
af4a5a1f-ae22-11e5-9ee2-848f69fd6b70,1,1
af4a5a1f-ae22-11e5-9ee2-848f69fd6b70,2,0
af4a5a1f-ae22-11e5-9ee2-848f69fd6b70,3,0
af4a5a1f-ae22-11e5-9ee2-848f69fd6b70,4,0
af4a5a1f-ae22-11e5-9ee2-848f69fd6b70,5,0
af4a5a1f-ae22-11e5-9ee2-848f69fd6b70,6,0
b06cc49a-ae22-11e5-9ee2-848f69fd6b70,1,1
b06cc49a-ae22-11e5-9ee2-848f69fd6b70,2,1
b06cc49a-ae22-11e5-9ee2-848f69fd6b70,3,1
b06cc49a-ae22-11e5-9ee2-848f69fd6b70,4,1
b06cc49a-ae22-11e5-9ee2-848f69fd6b70,5,1
b06cc49a-ae22-11e5-9ee2-848f69fd6b70,6,1
b0960d1c-ae22-11e5-9ee2-848f69fd6b70,1,1
b0960d1c-ae22-11e5-9ee2-848f69fd6b70,2,1
b0960d1c-ae22-11e5-9ee2-848f69fd6b70,3,1
b0960d1c-ae22-11e5-9ee2-848f69fd6b70,4,1
b0960d1c-ae22-11e5-9ee2-848f69fd6b70,5,1
b0960d1c-ae22-11e5-9ee2-848f69fd6b70,6,1
b18460d1-ae22-11e5-9ee2-848f69fd6b70,1,1
b18460d1-ae22-11e5-9ee2-848f69fd6b70,2,1
b18460d1-ae22-11e5-9ee2-848f69fd6b70,3,1
b18460d1-ae22-11e5-9ee2-848f69fd6b70,4,1
b18460d1-ae22-11e5-9ee2-848f69fd6b70,5,1
b18460d1-ae22-11e5-9ee2-848f69fd6b70,6,1
b194e3dc-ae22-11e5-9ee2-848f69fd6b70,1,1
b194e3dc-ae22-11e5-9ee2-848f69fd6b70,2,1
b194e3dc-ae22-11e5-9ee2-848f69fd6b70,3,1
b194e3dc-ae22-11e5-9ee2-848f69fd6b70,4,1
b194e3dc-ae22-11e5-9ee2-848f69fd6b70,5,1
b194e3dc-ae22-11e5-9ee2-848f69fd6b70,6,1
b1ca8604-31e1-11e6-804e-848f69fd6b70,1,1
b1ca8604-31e1-11e6-804e-848f69fd6b70,2,1
b1ca8604-31e1-11e6-804e-848f69fd6b70,3,1
b1ca8604-31e1-11e6-804e-848f69fd6b70,4,1
b1ca8604-31e1-11e6-804e-848f69fd6b70,5,1
b1ca8604-31e1-11e6-804e-848f69fd6b70,6,1
b28ca049-31e1-11e6-804e-848f69fd6b70,1,1
b28ca049-31e1-11e6-804e-848f69fd6b70,2,1
b28ca049-31e1-11e6-804e-848f69fd6b70,3,1
b28ca049-31e1-11e6-804e-848f69fd6b70,4,1
b28ca049-31e1-11e6-804e-848f69fd6b70,5,1
b28ca049-31e1-11e6-804e-848f69fd6b70,6,1
b3f126b3-da9c-11e5-a258-f98ed89254eb,1,1
b3f126b3-da9c-11e5-a258-f98ed89254eb,2,1
b3f126b3-da9c-11e5-a258-f98ed89254eb,3,1
b3f126b3-da9c-11e5-a258-f98ed89254eb,4,1
b3f126b3-da9c-11e5-a258-f98ed89254eb,5,1
b3f126b3-da9c-11e5-a258-f98ed89254eb,6,1
b51f6b39-31e1-11e6-804e-848f69fd6b70,1,1
b51f6b39-31e1-11e6-804e-848f69fd6b70,2,1
b51f6b39-31e1-11e6-804e-848f69fd6b70,3,1
b51f6b39-31e1-11e6-804e-848f69fd6b70,4,1
b51f6b39-31e1-11e6-804e-848f69fd6b70,5,1
b51f6b39-31e1-11e6-804e-848f69fd6b70,6,1
b63cec1a-31e0-11e6-804e-848f69fd6b70,1,1
b63cec1a-31e0-11e6-804e-848f69fd6b70,2,1
b63cec1a-31e0-11e6-804e-848f69fd6b70,3,1
b63cec1a-31e0-11e6-804e-848f69fd6b70,4,1
b63cec1a-31e0-11e6-804e-848f69fd6b70,5,1
b63cec1a-31e0-11e6-804e-848f69fd6b70,6,1
b70bbcca-ae22-11e5-9ee2-848f69fd6b70,1,1
b70bbcca-ae22-11e5-9ee2-848f69fd6b70,2,1
b70bbcca-ae22-11e5-9ee2-848f69fd6b70,3,1
b70bbcca-ae22-11e5-9ee2-848f69fd6b70,4,1
b70bbcca-ae22-11e5-9ee2-848f69fd6b70,5,1
b70bbcca-ae22-11e5-9ee2-848f69fd6b70,6,1
b75092a7-ae22-11e5-9ee2-848f69fd6b70,1,1
b75092a7-ae22-11e5-9ee2-848f69fd6b70,2,1
b75092a7-ae22-11e5-9ee2-848f69fd6b70,3,1
b75092a7-ae22-11e5-9ee2-848f69fd6b70,4,1
b75092a7-ae22-11e5-9ee2-848f69fd6b70,5,1
b75092a7-ae22-11e5-9ee2-848f69fd6b70,6,1
b7ed7b35-ae22-11e5-9ee2-848f69fd6b70,1,1
b7ed7b35-ae22-11e5-9ee2-848f69fd6b70,2,1
b7ed7b35-ae22-11e5-9ee2-848f69fd6b70,3,1
b7ed7b35-ae22-11e5-9ee2-848f69fd6b70,4,1
b7ed7b35-ae22-11e5-9ee2-848f69fd6b70,5,1
b7ed7b35-ae22-11e5-9ee2-848f69fd6b70,6,1
b87b6547-ae22-11e5-9ee2-848f69fd6b70,1,1
b87b6547-ae22-11e5-9ee2-848f69fd6b70,2,1
b87b6547-ae22-11e5-9ee2-848f69fd6b70,3,1
b87b6547-ae22-11e5-9ee2-848f69fd6b70,4,1
b87b6547-ae22-11e5-9ee2-848f69fd6b70,5,1
b87b6547-ae22-11e5-9ee2-848f69fd6b70,6,1
b8ab452a-31e0-11e6-804e-848f69fd6b70,1,0
b8ab452a-31e0-11e6-804e-848f69fd6b70,2,0
b8ab452a-31e0-11e6-804e-848f69fd6b70,3,0
b8ab452a-31e0-11e6-804e-848f69fd6b70,4,1
b8ab452a-31e0-11e6-804e-848f69fd6b70,5,1
b8ab452a-31e0-11e6-804e-848f69fd6b70,6,1
b9231ead-31e1-11e6-804e-848f69fd6b70,1,1
b9231ead-31e1-11e6-804e-848f69fd6b70,2,1
b9231ead-31e1-11e6-804e-848f69fd6b70,3,1
b9231ead-31e1-11e6-804e-848f69fd6b70,4,1
b9231ead-31e1-11e6-804e-848f69fd6b70,5,1
b9231ead-31e1-11e6-804e-848f69fd6b70,6,1
ba4756bb-31e0-11e6-804e-848f69fd6b70,1,1
ba4756bb-31e0-11e6-804e-848f69fd6b70,2,1
ba4756bb-31e0-11e6-804e-848f69fd6b70,3,1
ba4756bb-31e0-11e6-804e-848f69fd6b70,4,1
ba4756bb-31e0-11e6-804e-848f69fd6b70,5,1
ba4756bb-31e0-11e6-804e-848f69fd6b70,6,1
ba55567a-31df-11e6-804e-848f69fd6b70,1,1
ba55567a-31df-11e6-804e-848f69fd6b70,2,1
ba55567a-31df-11e6-804e-848f69fd6b70,3,1
ba55567a-31df-11e6-804e-848f69fd6b70,4,1
ba55567a-31df-11e6-804e-848f69fd6b70,5,1
ba55567a-31df-11e6-804e-848f69fd6b70,6,1
bc277bae-31e3-11e6-804e-848f69fd6b70,1,0
bc277bae-31e3-11e6-804e-848f69fd6b70,2,0
bc277bae-31e3-11e6-804e-848f69fd6b70,3,1
bc277bae-31e3-11e6-804e-848f69fd6b70,4,1
bc277bae-31e3-11e6-804e-848f69fd6b70,5,1
bc277bae-31e3-11e6-804e-848f69fd6b70,6,0
bd24d69e-31e1-11e6-804e-848f69fd6b70,1,1
bd24d69e-31e1-11e6-804e-848f69fd6b70,2,1
bd24d69e-31e1-11e6-804e-848f69fd6b70,3,1
bd24d69e-31e1-11e6-804e-848f69fd6b70,4,1
bd24d69e-31e1-11e6-804e-848f69fd6b70,5,1
bd24d69e-31e1-11e6-804e-848f69fd6b70,6,1
be318871-31df-11e6-804e-848f69fd6b70,1,0
be318871-31df-11e6-804e-848f69fd6b70,2,0
be318871-31df-11e6-804e-848f69fd6b70,3,1
be318871-31df-11e6-804e-848f69fd6b70,4,1
be318871-31df-11e6-804e-848f69fd6b70,5,1
be318871-31df-11e6-804e-848f69fd6b70,6,1
bf6b6ce2-31e1-11e6-804e-848f69fd6b70,1,1
bf6b6ce2-31e1-11e6-804e-848f69fd6b70,2,1
bf6b6ce2-31e1-11e6-804e-848f69fd6b70,3,1
bf6b6ce2-31e1-11e6-804e-848f69fd6b70,4,1
bf6b6ce2-31e1-11e6-804e-848f69fd6b70,5,1
bf6b6ce2-31e1-11e6-804e-848f69fd6b70,6,1
bf7a1a95-31e1-11e6-804e-848f69fd6b70,1,1
bf7a1a95-31e1-11e6-804e-848f69fd6b70,2,1
bf7a1a95-31e1-11e6-804e-848f69fd6b70,3,1
bf7a1a95-31e1-11e6-804e-848f69fd6b70,4,1
bf7a1a95-31e1-11e6-804e-848f69fd6b70,5,1
bf7a1a95-31e1-11e6-804e-848f69fd6b70,6,1
c15cd350-31e1-11e6-804e-848f69fd6b70,1,1
c15cd350-31e1-11e6-804e-848f69fd6b70,2,1
c15cd350-31e1-11e6-804e-848f69fd6b70,3,1
c15cd350-31e1-11e6-804e-848f69fd6b70,4,1
c15cd350-31e1-11e6-804e-848f69fd6b70,5,1
c15cd350-31e1-11e6-804e-848f69fd6b70,6,1
c4627607-31e1-11e6-804e-848f69fd6b70,1,1
c4627607-31e1-11e6-804e-848f69fd6b70,2,1
c4627607-31e1-11e6-804e-848f69fd6b70,3,1
c4627607-31e1-11e6-804e-848f69fd6b70,4,1
c4627607-31e1-11e6-804e-848f69fd6b70,5,1
c4627607-31e1-11e6-804e-848f69fd6b70,6,1
c66723a3-31e1-11e6-804e-848f69fd6b70,1,1
c66723a3-31e1-11e6-804e-848f69fd6b70,2,1
c66723a3-31e1-11e6-804e-848f69fd6b70,3,1
c66723a3-31e1-11e6-804e-848f69fd6b70,4,1
c66723a3-31e1-11e6-804e-848f69fd6b70,5,1
c66723a3-31e1-11e6-804e-848f69fd6b70,6,0
cbf5b6b6-efe6-4584-aaca-cb4fd1b5b3bd,1,1
cbf5b6b6-efe6-4584-aaca-cb4fd1b5b3bd,2,1
cbf5b6b6-efe6-4584-aaca-cb4fd1b5b3bd,3,1
cbf5b6b6-efe6-4584-aaca-cb4fd1b5b3bd,4,1
cbf5b6b6-efe6-4584-aaca-cb4fd1b5b3bd,5,1
cbf5b6b6-efe6-4584-aaca-cb4fd1b5b3bd,6,1
cc9099f7-31e1-11e6-804e-848f69fd6b70,1,1
cc9099f7-31e1-11e6-804e-848f69fd6b70,2,1
cc9099f7-31e1-11e6-804e-848f69fd6b70,3,1
cc9099f7-31e1-11e6-804e-848f69fd6b70,4,1
cc9099f7-31e1-11e6-804e-848f69fd6b70,5,1
cc9099f7-31e1-11e6-804e-848f69fd6b70,6,1
d1f19a45-31e1-11e6-804e-848f69fd6b70,1,1
d1f19a45-31e1-11e6-804e-848f69fd6b70,2,1
d1f19a45-31e1-11e6-804e-848f69fd6b70,3,1
d1f19a45-31e1-11e6-804e-848f69fd6b70,4,1
d1f19a45-31e1-11e6-804e-848f69fd6b70,5,1
d1f19a45-31e1-11e6-804e-848f69fd6b70,6,1
d2ba3662-31e1-11e6-804e-848f69fd6b70,1,1
d2ba3662-31e1-11e6-804e-848f69fd6b70,2,1
d2ba3662-31e1-11e6-804e-848f69fd6b70,3,1
d2ba3662-31e1-11e6-804e-848f69fd6b70,4,1
d2ba3662-31e1-11e6-804e-848f69fd6b70,5,1
d2ba3662-31e1-11e6-804e-848f69fd6b70,6,1
d5a01c44-31e0-11e6-804e-848f69fd6b70,1,1
d5a01c44-31e0-11e6-804e-848f69fd6b70,2,1
d5a01c44-31e0-11e6-804e-848f69fd6b70,3,1
d5a01c44-31e0-11e6-804e-848f69fd6b70,4,1
d5a01c44-31e0-11e6-804e-848f69fd6b70,5,1
d5a01c44-31e0-11e6-804e-848f69fd6b70,6,1
d68dd759-31e1-11e6-804e-848f69fd6b70,1,1
d68dd759-31e1-11e6-804e-848f69fd6b70,2,1
d68dd759-31e1-11e6-804e-848f69fd6b70,3,1
d68dd759-31e1-11e6-804e-848f69fd6b70,4,1
d68dd759-31e1-11e6-804e-848f69fd6b70,5,1
d68dd759-31e1-11e6-804e-848f69fd6b70,6,1
